year,municipality,value
1973,0114,0.0
1973,0115,0.0
1973,0117,0.0
1973,0120,0.036737499255768656
1973,0123,0.0
1973,0125,0.0
1973,0126,0.0
1973,0127,0.0
1973,0128,0.0
1973,0136,0.0
1973,0138,0.0
1973,0139,0.0
1973,0140,0.0
1973,0160,0.0
1973,0162,0.0
1973,0163,0.0
1973,0180,0.0
1973,0181,0.0
1973,0182,0.0
1973,0183,0.0
1973,0184,0.0
1973,0186,0.0
1973,0187,0.0
1973,0188,0.0
1973,0191,0.0
1973,0192,0.0
1973,0305,0.0
1973,0319,0.0
1973,0330,0.10454738290885138
1973,0331,0.0
1973,0360,0.007702627042958504
1973,0380,0.4592961286771554
1973,0381,0.0
1973,0382,0.0
1973,0428,0.0
1973,0461,0.0
1973,0480,0.0
1973,0481,0.0
1973,0482,0.0
1973,0483,0.0
1973,0484,0.19181484166194174
1973,0486,0.0
1973,0488,0.0
1973,0509,0.0
1973,0512,0.0
1973,0513,0.0
1973,0560,0.0
1973,0561,0.0
1973,0562,0.0
1973,0563,0.0
1973,0580,0.0
1973,0581,0.0
1973,0582,0.0
1973,0583,0.0
1973,0584,0.0
1973,0586,0.0
1973,0604,0.0
1973,0617,0.0
1973,0642,0.0
1973,0643,0.0
1973,0662,0.034408375789003444
1973,0665,0.0
1973,0680,0.0
1973,0682,0.0
1973,0683,0.0
1973,0684,0.0
1973,0685,0.0
1973,0686,0.0
1973,0687,0.0
1973,0760,0.0
1973,0761,0.0
1973,0763,0.0
1973,0764,0.0
1973,0765,0.0
1973,0767,0.0
1973,0780,0.1864836048101166
1973,0781,0.0
1973,0821,0.0
1973,0834,0.0
1973,0840,0.0
1973,0860,0.0
1973,0861,0.0
1973,0862,0.0
1973,0880,0.0582540527697811
1973,0881,0.0
1973,0882,0.0
1973,0883,0.0
1973,0884,0.0
1973,0885,0.0
1973,0980,0.0
1973,1060,0.0
1973,1080,0.0
1973,1081,0.0
1973,1082,0.0
1973,1083,0.0
1973,1214,0.0
1973,1230,0.0
1973,1231,0.0
1973,1233,0.04504445161873566
1973,1256,0.0
1973,1257,0.08081947190390329
1973,1260,0.08092258310952503
1973,1261,0.0
1973,1262,0.0
1973,1263,0.0
1973,1264,0.0
1973,1265,0.0
1973,1266,0.0
1973,1267,0.0
1973,1270,0.0
1973,1272,0.0
1973,1273,0.0
1973,1275,0.06788723463419848
1973,1276,0.023349790359162913
1973,1277,0.04883815066215474
1973,1278,0.0
1973,1280,0.0
1973,1281,0.0
1973,1282,0.004930350231882763
1973,1283,0.017038328539628427
1973,1284,0.0
1973,1285,0.0
1973,1286,0.0
1973,1287,0.0
1973,1290,0.0
1973,1291,0.0
1973,1292,0.0016503467110062786
1973,1293,0.00014898851393203155
1973,1315,0.030041520125753875
1973,1380,0.0
1973,1381,0.0692305027208879
1973,1382,0.0
1973,1383,0.0
1973,1384,0.0
1973,1401,0.0
1973,1402,0.0
1973,1407,0.0
1973,1415,0.0
1973,1419,0.0
1973,1421,0.0
1973,1427,0.0
1973,1430,0.0
1973,1435,0.0
1973,1438,0.0
1973,1439,0.0
1973,1440,0.0
1973,1441,0.0
1973,1442,0.0
1973,1443,0.0
1973,1444,0.0
1973,1445,0.0
1973,1446,0.0
1973,1447,0.0
1973,1452,0.0
1973,1460,0.0
1973,1461,0.0
1973,1462,0.0
1973,1463,0.0
1973,1465,0.0010496586592927237
1973,1466,0.0
1973,1470,0.0
1973,1471,0.0
1973,1472,0.0
1973,1473,0.0
1973,1480,0.0
1973,1481,0.0
1973,1482,0.0
1973,1484,0.0
1973,1485,0.0
1973,1486,0.0
1973,1487,0.0
1973,1488,0.0
1973,1489,0.0
1973,1490,0.0
1973,1491,0.0
1973,1492,0.0
1973,1493,0.0
1973,1494,0.0
1973,1495,0.0
1973,1496,0.0
1973,1497,0.0
1973,1498,0.0
1973,1499,0.0
1973,1715,0.0
1973,1730,0.0
1973,1737,0.0
1973,1760,0.0
1973,1761,0.0
1973,1762,0.0
1973,1763,0.0
1973,1764,0.0
1973,1765,0.0
1973,1766,0.0
1973,1780,0.0
1973,1781,0.0
1973,1782,0.02232550261703481
1973,1783,0.0
1973,1784,0.0
1973,1785,0.0
1973,1814,0.0
1973,1860,0.0
1973,1861,0.0
1973,1862,0.0
1973,1863,0.0
1973,1864,0.0
1973,1880,0.0
1973,1881,0.0
1973,1882,0.0
1973,1883,0.0
1973,1884,0.0
1973,1885,0.0
1973,1904,0.0
1973,1907,0.0
1973,1960,0.0
1973,1961,0.0
1973,1962,0.0
1973,1980,0.0
1973,1981,0.0
1973,1982,0.0
1973,1983,0.0
1973,1984,0.0
1973,2021,0.0
1973,2023,0.0
1973,2026,0.0
1973,2029,0.0
1973,2031,0.0
1973,2034,0.0
1973,2039,0.0
1973,2061,0.0
1973,2062,0.0
1973,2080,0.0
1973,2081,0.0
1973,2082,0.0
1973,2083,0.0
1973,2084,0.0
1973,2085,0.0
1973,2101,0.0
1973,2104,5.744928602016142e-05
1973,2121,0.0
1973,2132,0.0
1973,2161,0.0
1973,2180,0.0
1973,2181,0.009324877928143816
1973,2182,0.0
1973,2183,0.0
1973,2184,0.0
1973,2260,0.0
1973,2262,0.0
1973,2280,0.04529732872025918
1973,2281,0.0
1973,2282,0.0
1973,2283,0.3388491353983592
1973,2284,0.0
1973,2303,0.0
1973,2305,0.0
1973,2309,0.0
1973,2313,0.0
1973,2321,0.007882280048708697
1973,2326,0.0
1973,2361,0.0
1973,2380,0.0
1973,2401,0.007422067662839418
1973,2403,0.0
1973,2404,0.0
1973,2409,0.2933619492975661
1973,2417,0.058515828144089954
1973,2418,0.1571349762279211
1973,2421,0.0
1973,2422,0.0
1973,2425,0.0
1973,2460,0.34907498729533
1973,2462,0.0
1973,2463,0.0
1973,2480,0.39424511749742375
1973,2481,0.4200487035914607
1973,2482,0.38709687423967626
1973,2505,0.0
1973,2506,0.03191751332721384
1973,2510,0.0
1973,2513,0.09905481929238641
1973,2514,0.2434315712091299
1973,2518,0.3376804851273247
1973,2521,0.035900507281824375
1973,2523,0.0
1973,2560,0.062188009855369646
1973,2580,0.22032309091908187
1973,2581,0.22790304390911478
1973,2582,0.0
1973,2583,3.2004543456757903
1973,2584,0.07325647902361143
1976,0114,0.0
1976,0115,0.0
1976,0117,0.0
1976,0120,0.0
1976,0123,0.0
1976,0125,0.0
1976,0126,0.0
1976,0127,0.0
1976,0128,0.0
1976,0136,0.0
1976,0138,0.0
1976,0139,0.0
1976,0140,0.08607877979461337
1976,0160,0.0
1976,0162,0.0
1976,0163,0.0
1976,0180,0.0
1976,0181,0.02785700034132274
1976,0182,0.0
1976,0183,0.0
1976,0184,0.0
1976,0186,0.0
1976,0187,0.0
1976,0188,0.012102738814528786
1976,0191,0.0
1976,0192,0.0
1976,0305,0.025093667728366926
1976,0319,0.0
1976,0330,0.0
1976,0331,0.0
1976,0360,0.0
1976,0380,0.0
1976,0381,0.0
1976,0382,0.0
1976,0428,0.0
1976,0461,0.11265527857731533
1976,0480,0.048415349534394664
1976,0481,0.0
1976,0482,0.005352880648476627
1976,0483,0.0
1976,0484,0.0
1976,0486,0.18815730195188593
1976,0488,0.0
1976,0509,0.15191984375217002
1976,0512,0.27450839430908675
1976,0513,0.0
1976,0560,0.0
1976,0561,0.0
1976,0562,0.0
1976,0563,0.0
1976,0580,0.0
1976,0581,0.0
1976,0582,0.0
1976,0583,0.11417006759969192
1976,0584,0.03318560955838127
1976,0586,0.0
1976,0604,0.19703671585985444
1976,0617,0.056625242948287
1976,0642,1.2302083543529259
1976,0643,0.5259528816585458
1976,0662,0.015246370939631621
1976,0665,0.03696045894329583
1976,0680,0.01980652889963971
1976,0682,0.24246601323828787
1976,0683,0.0
1976,0684,0.09303622124346188
1976,0685,0.055508169441651406
1976,0686,0.3115074710577777
1976,0687,0.024642574179159576
1976,0760,0.43969219729605513
1976,0761,0.16788411038878026
1976,0763,0.03228820975676184
1976,0764,0.0
1976,0765,0.0
1976,0767,0.0
1976,0780,0.1763788875733965
1976,0781,0.09301827929157883
1976,0821,0.23115654641299435
1976,0834,0.0
1976,0840,0.0
1976,0860,1.0437655141367068
1976,0861,0.0
1976,0862,0.0
1976,0880,0.0
1976,0881,0.0
1976,0882,0.04785415090182585
1976,0883,0.0
1976,0884,0.0
1976,0885,0.0
1976,0980,0.0
1976,1060,0.0
1976,1080,0.0
1976,1081,0.0261151992774801
1976,1082,0.1019793238694494
1976,1083,0.0
1976,1214,0.01038024672942543
1976,1230,0.0
1976,1231,0.0
1976,1233,0.0
1976,1256,0.0
1976,1257,0.0
1976,1260,0.0
1976,1261,0.0
1976,1262,0.0
1976,1263,0.0
1976,1264,0.0
1976,1265,0.0
1976,1266,0.0
1976,1267,0.0
1976,1270,0.0
1976,1272,0.012050055278324326
1976,1273,0.0
1976,1275,0.0
1976,1276,0.0
1976,1277,0.0
1976,1278,0.0
1976,1280,0.0
1976,1281,0.0
1976,1282,0.0
1976,1283,0.0
1976,1284,1.0374204930164914
1976,1285,0.0
1976,1286,0.0
1976,1287,0.054424300852307296
1976,1290,0.0
1976,1291,0.10090442005893235
1976,1292,0.0
1976,1293,0.31448338944765986
1976,1315,0.1617717426630803
1976,1380,0.03606776975413029
1976,1381,0.10762916154550538
1976,1382,0.0
1976,1383,0.035998993726549175
1976,1384,0.0
1976,1401,0.0
1976,1402,0.0
1976,1407,0.0
1976,1415,0.0
1976,1419,0.0
1976,1421,0.0
1976,1427,0.0
1976,1430,0.0
1976,1435,0.0
1976,1438,0.0
1976,1439,0.0
1976,1440,0.0
1976,1441,0.0
1976,1442,0.0
1976,1443,0.0
1976,1444,0.0
1976,1445,0.0
1976,1446,0.0
1976,1447,0.0
1976,1452,0.06670703393273839
1976,1460,0.0
1976,1461,0.0
1976,1462,0.0
1976,1463,0.06397316788953934
1976,1465,0.0
1976,1466,0.12865304210799478
1976,1470,0.0
1976,1471,0.0
1976,1472,0.0
1976,1473,0.0
1976,1480,0.0
1976,1481,0.0
1976,1482,0.0
1976,1484,0.0
1976,1485,0.0
1976,1486,0.0
1976,1487,0.0
1976,1488,0.0
1976,1489,0.017984587143985077
1976,1490,0.0
1976,1491,0.005309308349305076
1976,1492,0.0
1976,1493,0.0
1976,1494,0.0
1976,1495,0.008200952796804595
1976,1496,0.0
1976,1497,0.03546682614279203
1976,1498,0.30461318906414114
1976,1499,0.12863735559004785
1976,1715,0.0
1976,1730,0.0
1976,1737,0.0
1976,1760,0.0
1976,1761,0.0
1976,1762,0.0
1976,1763,0.0
1976,1764,0.0
1976,1765,0.0
1976,1766,0.0
1976,1780,0.0
1976,1781,0.0
1976,1782,0.0
1976,1783,0.0
1976,1784,0.0
1976,1785,0.0
1976,1814,0.0
1976,1860,0.0
1976,1861,0.0
1976,1862,0.0
1976,1863,0.0
1976,1864,0.0
1976,1880,0.0
1976,1881,0.0
1976,1882,0.0
1976,1883,0.0
1976,1884,0.0
1976,1885,0.0
1976,1904,0.0
1976,1907,0.0
1976,1960,0.0
1976,1961,0.0
1976,1962,0.0
1976,1980,0.0
1976,1981,0.0
1976,1982,0.0
1976,1983,0.0
1976,1984,0.0
1976,2021,0.0
1976,2023,0.0
1976,2026,0.0
1976,2029,0.0
1976,2031,0.0
1976,2034,0.0
1976,2039,0.0
1976,2061,0.0
1976,2062,0.0
1976,2080,0.0
1976,2081,0.5530058086767817
1976,2082,0.18777118624126787
1976,2083,0.0
1976,2084,0.0
1976,2085,0.0
1976,2101,0.0
1976,2104,0.00011489857204030064
1976,2121,0.0066548052021294215
1976,2132,0.0366319637923555
1976,2161,0.014353460393046663
1976,2180,0.0
1976,2181,0.01864975585628763
1976,2182,0.0
1976,2183,0.0
1976,2184,0.056796330507198546
1976,2260,0.0
1976,2262,0.0
1976,2280,0.0
1976,2281,0.0
1976,2282,0.0
1976,2283,0.10216465433874507
1976,2284,0.0
1976,2303,0.0
1976,2305,0.011307496210051738
1976,2309,0.0
1976,2313,0.0
1976,2321,0.01734591808983852
1976,2326,0.10297652304592025
1976,2361,0.22608643218137517
1976,2380,0.0
1976,2401,0.0
1976,2403,0.0
1976,2404,0.0
1976,2409,0.031091447909819225
1976,2417,0.0
1976,2418,0.0
1976,2421,0.0
1976,2422,0.0
1976,2425,0.0
1976,2460,0.0
1976,2462,0.0
1976,2463,0.0
1976,2480,0.0891341804636749
1976,2481,0.0
1976,2482,0.0
1976,2505,0.0
1976,2506,0.0
1976,2510,0.0
1976,2513,0.0
1976,2514,0.0
1976,2518,0.0
1976,2521,0.0
1976,2523,0.0
1976,2560,0.0
1976,2580,0.04181324862553893
1976,2581,0.0
1976,2582,0.0
1976,2583,0.0
1976,2584,0.0
1979,0114,0.511486645422817
1979,0115,0.6008059406255153
1979,0117,0.8244882435673964
1979,0120,0.42414671052154695
1979,0123,0.36143006152077856
1979,0125,0.07269550254143342
1979,0126,0.3890838366599191
1979,0127,0.7456463871110968
1979,0128,0.20847184738473143
1979,0136,0.4828141348623097
1979,0138,0.21440475531705788
1979,0139,0.510236319838732
1979,0140,0.0
1979,0160,0.29999999999999993
1979,0162,0.3
1979,0163,0.41011252275013393
1979,0180,0.3
1979,0181,0.021784313455699193
1979,0182,0.24228063167582622
1979,0183,0.30748099062872225
1979,0184,0.30000000000000004
1979,0186,0.2863263447716353
1979,0187,0.4070441598254896
1979,0188,0.4326824898832822
1979,0191,0.8604528222910334
1979,0192,0.27809833043892085
1979,0305,0.5389974096753719
1979,0319,1.246857430219217
1979,0330,1.3462513392542124
1979,0331,0.1873093933687569
1979,0360,0.8598618323409266
1979,0380,0.6286719981621165
1979,0381,0.09925151581921893
1979,0382,0.8243351837915615
1979,0428,0.722404146469755
1979,0461,0.47832144762196027
1979,0480,0.10307104319862233
1979,0481,0.0643546250576981
1979,0482,0.488650974752241
1979,0483,1.3476226924379855
1979,0484,0.665394461564345
1979,0486,0.2532183707356384
1979,0488,0.08531376461964847
1979,0509,0.6820663919094226
1979,0512,1.0272499860262343
1979,0513,1.4318297149952512
1979,0560,1.3677418896890472
1979,0561,0.7838810806887949
1979,0562,1.0313807226484208
1979,0563,1.0892489785338895
1979,0580,1.6334789117594903
1979,0581,0.6150761082837268
1979,0582,0.8185968628745592
1979,0583,2.1090647305147474
1979,0584,1.1787601219036765
1979,0586,1.5462776572633357
1979,0604,1.5691269357039774
1979,0617,5.279605190296988
1979,0642,1.771252124330465
1979,0643,1.4639321738264728
1979,0662,6.882752970735826
1979,0665,5.419148052602403
1979,0680,1.5282082778032817
1979,0682,3.2004041923189996
1979,0683,3.389861808258885
1979,0684,5.954170944421877
1979,0685,3.2915058036563893
1979,0686,1.9795689001101617
1979,0687,0.9448796683272734
1979,0760,3.7375819169710356
1979,0761,3.993837961909396
1979,0763,3.4935536810068717
1979,0764,3.7664559698496625
1979,0765,2.761652352624214
1979,0767,6.461694506274131
1979,0780,3.2950434593383555
1979,0781,5.08458361263449
1979,0821,1.8783573958145872
1979,0834,3.902214787550999
1979,0840,4.295776911203436
1979,0860,1.115907533755057
1979,0861,1.6339380787978763
1979,0862,4.03532877653758
1979,0880,2.1321137169497746
1979,0881,2.205591328002921
1979,0882,1.3266070592818433
1979,0883,0.984069258330714
1979,0884,1.051990975191426
1979,0885,1.419804435125362
1979,0980,1.043692832766881
1979,1060,1.9321791536800998
1979,1080,3.278483175016567
1979,1081,2.211583858362309
1979,1082,2.42308336381491
1979,1083,2.2345664228586446
1979,1214,1.993872732751328
1979,1230,1.4362353700276127
1979,1231,1.4885971954581274
1979,1233,1.2182643400403845
1979,1256,1.410325583649886
1979,1257,6.036216842887704
1979,1260,3.690177101778569
1979,1261,1.5988926543630941
1979,1262,1.5171385029368962
1979,1263,1.4970252066769538
1979,1264,1.2647010727170216
1979,1265,1.11721323864422
1979,1266,1.2669418117001783
1979,1267,1.8567433360148566
1979,1270,1.156400041439697
1979,1272,1.7248509651901136
1979,1273,1.8426370013097477
1979,1275,2.8561936852205534
1979,1276,2.607841592659074
1979,1277,3.835572785316799
1979,1278,3.8744662321723133
1979,1280,1.2568898696357884
1979,1281,1.4784404056890994
1979,1282,1.3130664437163921
1979,1283,2.2460262121879744
1979,1284,2.7130916820887125
1979,1285,1.9069038166805192
1979,1286,1.0448207301338677
1979,1287,1.1532855972670109
1979,1290,1.4799199237690615
1979,1291,1.3513237978573927
1979,1292,5.569038036235321
1979,1293,1.4733592319460653
1979,1315,10.05874955794368
1979,1380,8.9858424757585
1979,1381,8.402982137092598
1979,1382,6.637452065343891
1979,1383,6.1347466268757636
1979,1384,7.7675371414553265
1979,1401,15.857696455655763
1979,1402,13.264159295974434
1979,1407,6.857671002537628
1979,1415,6.429169743295142
1979,1419,5.424629466830643
1979,1421,4.076854420020778
1979,1427,1.6753006854234367
1979,1430,2.739120368138005
1979,1435,3.2292947372709433
1979,1438,2.8043413091861797
1979,1439,3.406209216030757
1979,1440,7.769603961525382
1979,1441,9.406314423285462
1979,1442,5.862162714332969
1979,1443,9.782103098339409
1979,1444,3.9067857121723697
1979,1445,3.5831411489740708
1979,1446,1.2479821700707132
1979,1447,1.2342255610992727
1979,1452,6.503978596616208
1979,1460,0.9042984082599864
1979,1461,2.591940626825404
1979,1462,6.643701487307814
1979,1463,11.128686162864103
1979,1465,9.263129964524511
1979,1466,3.0683278065632553
1979,1470,1.6166980509658169
1979,1471,1.040606520107834
1979,1472,0.3735684091294666
1979,1473,1.0599008713795302
1979,1480,10.610104249654146
1979,1481,12.121315744509493
1979,1482,7.8749884953831115
1979,1484,2.38701824642308
1979,1485,5.429094203447582
1979,1486,2.8296392587986356
1979,1487,3.4564072165728663
1979,1488,5.010393673584367
1979,1489,5.990124266833968
1979,1490,9.809113609504683
1979,1491,5.606338124836974
1979,1492,0.4750916888239252
1979,1493,0.6852956809797828
1979,1494,1.0802029012048275
1979,1495,1.1232803267065548
1979,1496,0.30847973519134636
1979,1497,0.2814511146192466
1979,1498,0.9937258522858491
1979,1499,1.6011619581503302
1979,1715,0.05853752479736742
1979,1730,0.460978057999393
1979,1737,0.39564319503955825
1979,1760,2.54495604250727
1979,1761,0.11310989392663898
1979,1762,0.45593211709033443
1979,1763,0.2838222488516925
1979,1764,0.0
1979,1765,0.12380930736650363
1979,1766,0.3
1979,1780,0.4612785886986054
1979,1781,1.5998230935163131
1979,1782,1.5819313336688894
1979,1783,0.3107765636900517
1979,1784,0.03277698857401263
1979,1785,0.04663248414845156
1979,1814,1.7572117519481991
1979,1860,1.838183612975255
1979,1861,0.9083775656631193
1979,1862,1.6569266590964207
1979,1863,2.534384633668839
1979,1864,1.353848161736521
1979,1880,0.4727607512628454
1979,1881,0.8313585401163123
1979,1882,1.3040690294181663
1979,1883,1.8117887751351427
1979,1884,1.7106661484958154
1979,1885,0.7206015394307929
1979,1904,0.22032388305096534
1979,1907,0.1777310007805446
1979,1960,2.3293083792038534
1979,1961,5.347008586028351
1979,1962,0.07901790087305374
1979,1980,1.3961402438139499
1979,1981,0.9880761830272732
1979,1982,0.040628654569008965
1979,1983,0.48679127131034633
1979,1984,0.8929647486805001
1979,2021,1.0587235437785216
1979,2023,0.2992053378690527
1979,2026,0.3346170453294329
1979,2029,0.4918724046725132
1979,2031,0.3778166729333078
1979,2034,0.23697495275234742
1979,2039,0.0
1979,2061,0.24815697504710713
1979,2062,0.3404109348119433
1979,2080,0.5353041784656924
1979,2081,0.7324982870355591
1979,2082,0.6176723290970506
1979,2083,0.34823193155110943
1979,2084,0.2091092791303902
1979,2085,1.1419846221092689
1979,2101,1.0058558291003963
1979,2104,0.38394766468123276
1979,2121,0.20552468095452286
1979,2132,0.18492304533757192
1979,2161,0.14523782924107442
1979,2180,0.5341766292366629
1979,2181,0.2633908817485516
1979,2182,0.8076873892629213
1979,2183,0.49762848796339104
1979,2184,0.4567963305071986
1979,2260,0.10677977639691992
1979,2262,0.0
1979,2280,0.0
1979,2281,0.27938130282212403
1979,2282,0.31084309788815356
1979,2283,0.10216465433874507
1979,2284,1.4054260733841908
1979,2303,0.0
1979,2305,0.3302421883668166
1979,2309,1.5102903307007902
1979,2313,0.011796680423431571
1979,2321,0.09936819943186309
1979,2326,0.06288561665620207
1979,2361,0.4073176082927049
1979,2380,0.24196171701025657
1979,2401,0.03038604213038591
1979,2403,0.3395308073824942
1979,2404,0.0
1979,2409,0.0
1979,2417,0.0
1979,2418,0.0
1979,2421,0.6822213798682344
1979,2422,0.0
1979,2425,0.060180750688980524
1979,2460,0.0
1979,2462,0.18132517475919702
1979,2463,0.16390241449889503
1979,2480,0.0
1979,2481,0.1917475748943101
1979,2482,0.0
1979,2505,0.0
1979,2506,0.0
1979,2510,0.0
1979,2513,0.2771974547434859
1979,2514,0.0
1979,2518,0.0
1979,2521,0.11593700913124297
1979,2523,0.0
1979,2560,0.0
1979,2580,0.0
1979,2581,0.0
1979,2582,0.0
1979,2583,0.0
1979,2584,0.0
1982,0114,3.012547547094164
1982,0115,4.691274916153096
1982,0117,0.6676780768334168
1982,0120,0.29267281867532363
1982,0123,2.024854787786858
1982,0125,1.7272987595764446
1982,0126,0.3468516664237558
1982,0127,0.5266245522215233
1982,0128,0.7436627826605245
1982,0136,0.09977504076457722
1982,0138,0.38802027204400763
1982,0139,3.672289879649684
1982,0140,2.011190642884107
1982,0160,1.0307717628481157
1982,0162,0.8076532414000894
1982,0163,1.843841530669139
1982,0180,0.5360001326423596
1982,0181,0.17154018186951112
1982,0182,0.45562838433741526
1982,0183,0.6623150377105936
1982,0184,0.6353724993491265
1982,0186,0.49032447892422376
1982,0187,0.446352226873789
1982,0188,9.62606223610546
1982,0191,4.9928460317715855
1982,0192,0.08171482695033191
1982,0305,6.838440499219166
1982,0319,13.377264016019458
1982,0330,10.575176112925462
1982,0331,7.383091707869215
1982,0360,12.52318770362093
1982,0380,11.775227136934278
1982,0381,7.949488319337829
1982,0382,9.305990965594768
1982,0428,2.7257155913807636
1982,0461,0.579172665210582
1982,0480,0.149057606198182
1982,0481,0.0
1982,0482,0.5026764403242383
1982,0483,0.5945600798163785
1982,0484,6.1235838412412065
1982,0486,6.945968256241066
1982,0488,0.01835395253297446
1982,0509,0.007046960293118645
1982,0512,0.0
1982,0513,0.0
1982,0560,0.03051760194307536
1982,0561,0.0
1982,0562,0.6872703561305639
1982,0563,0.0
1982,0580,0.019077756905249807
1982,0581,0.4005390511644245
1982,0582,0.0
1982,0583,0.8588281755401622
1982,0584,0.5777420729752785
1982,0586,0.3203433722621744
1982,0604,0.0
1982,0617,0.18356975572019169
1982,0642,0.0
1982,0643,0.0
1982,0662,0.0
1982,0665,0.0
1982,0680,0.0
1982,0682,0.0
1982,0683,0.06276783210246333
1982,0684,0.0
1982,0685,0.0
1982,0686,0.0023945420387260943
1982,0687,0.0
1982,0760,0.09770937717690115
1982,0761,0.08394205519439013
1982,0763,0.0
1982,0764,0.0
1982,0765,0.0
1982,0767,0.029211700245225902
1982,0780,0.11758592504893102
1982,0781,0.09301827929157885
1982,0821,0.0
1982,0834,0.0
1982,0840,0.024506175250262253
1982,0860,0.0
1982,0861,0.0
1982,0862,0.0
1982,0880,0.0
1982,0881,0.0
1982,0882,0.0
1982,0883,0.0
1982,0884,0.0
1982,0885,0.0
1982,0980,0.0
1982,1060,0.0
1982,1080,0.0
1982,1081,0.0
1982,1082,0.0
1982,1083,0.0
1982,1214,0.007785185047069085
1982,1230,0.0
1982,1231,0.012567405451514675
1982,1233,0.1867442828719037
1982,1256,0.043227438194671695
1982,1257,0.0
1982,1260,0.1618451662190501
1982,1261,0.0
1982,1262,0.0
1982,1263,0.008846068200364222
1982,1264,0.0
1982,1265,0.0
1982,1266,0.0
1982,1267,0.0
1982,1270,0.13106410857837056
1982,1272,0.0
1982,1273,0.0
1982,1275,0.0
1982,1276,0.0
1982,1277,0.11494533122031254
1982,1278,0.0
1982,1280,0.015887968470450414
1982,1281,0.0
1982,1282,0.009860700463765526
1982,1283,0.07289790419328955
1982,1284,0.0
1982,1285,0.0
1982,1286,0.0672569597595462
1982,1287,0.062321092193190486
1982,1290,0.07198319385005592
1982,1291,0.03441735519176821
1982,1292,0.07392709225837052
1982,1293,0.0
1982,1315,0.0
1982,1380,0.0
1982,1381,0.20227586462060418
1982,1382,0.0
1982,1383,0.0
1982,1384,0.0
1982,1401,0.0
1982,1402,0.14853272550736923
1982,1407,0.0
1982,1415,1.6677625061861008
1982,1419,0.24174562100531213
1982,1421,0.2942641967405614
1982,1427,3.623580984492291
1982,1430,4.638055763218208
1982,1435,5.914513252321926
1982,1438,4.35425247487897
1982,1439,2.8542804195121585
1982,1440,0.6041927070867636
1982,1441,0.09044729652539285
1982,1442,0.1910160176294461
1982,1443,0.0
1982,1444,0.049787823381935006
1982,1445,0.09265776449527567
1982,1446,0.4330810767702284
1982,1447,2.909825207728989
1982,1452,0.0
1982,1460,3.3101834506453454
1982,1461,4.72363437057476
1982,1462,1.2839728229521614
1982,1463,0.0
1982,1465,0.08717229943058723
1982,1466,0.018942374027482785
1982,1470,0.08283238436277827
1982,1471,0.15728079384692983
1982,1472,0.05442844406536645
1982,1473,0.32801091361953205
1982,1480,0.08428469404598898
1982,1481,0.23796534613620401
1982,1482,0.7656174720333576
1982,1484,3.293981758588735
1982,1485,1.5838997101684826
1982,1486,5.98993672595997
1982,1487,1.5783440830773443
1982,1488,0.5631287084936194
1982,1489,0.04385775417856475
1982,1490,0.0
1982,1491,0.0
1982,1492,4.9500447779745596
1982,1493,0.7157556921597467
1982,1494,0.01678477402581744
1982,1495,0.2849206260902497
1982,1496,0.0038884233915211287
1982,1497,0.034844389213504544
1982,1498,0.0
1982,1499,0.0
1982,1715,8.936686541267026
1982,1730,10.422461069409923
1982,1737,7.382553897492756
1982,1760,5.399413056141489
1982,1761,5.722100733168219
1982,1762,13.115214517443583
1982,1763,11.431807583339971
1982,1764,7.2131769945863455
1982,1765,5.739985278190937
1982,1766,12.959965943670984
1982,1780,9.191586122852822
1982,1781,5.289708813823404
1982,1782,10.052846699350997
1982,1783,11.452140488192505
1982,1784,13.672992057884299
1982,1785,4.926061828595074
1982,1814,5.014101680954882
1982,1860,2.880164625349306
1982,1861,7.596999615733017
1982,1862,6.452529028035322
1982,1863,8.32698133102868
1982,1864,10.007445425372202
1982,1880,6.307821969611653
1982,1881,9.982163959289352
1982,1882,1.4341915666052378
1982,1883,4.950936363669397
1982,1884,6.574056973582255
1982,1885,5.63886723422159
1982,1904,5.821682926920805
1982,1907,7.816203199896428
1982,1960,4.261737288843818
1982,1961,5.38568106146203
1982,1962,9.906500425721921
1982,1980,8.747609893167986
1982,1981,7.048679521930732
1982,1982,11.102489749600153
1982,1983,7.617533748344316
1982,1984,3.61036773954177
1982,2021,12.567714383869262
1982,2023,10.51154328727959
1982,2026,13.394070806370483
1982,2029,15.462263902172626
1982,2031,13.774166939101733
1982,2034,11.074432736894014
1982,2039,6.834677465580438
1982,2061,10.611717095703263
1982,2062,11.607324712174714
1982,2080,14.965284003551936
1982,2081,13.796740608995282
1982,2082,8.88819973114127
1982,2083,8.845232866819666
1982,2084,6.300112845071956
1982,2085,12.183589108573226
1982,2101,15.885702081945915
1982,2104,10.547997764616612
1982,2121,9.911642381948491
1982,2132,1.4647081820978398
1982,2161,3.02428266535139
1982,2180,14.078051526549217
1982,2181,10.74778914089209
1982,2182,12.912124034089832
1982,2183,11.378200312358558
1982,2184,5.623815240549244
1982,2260,0.10677977639691992
1982,2262,0.0
1982,2280,0.1969482987420381
1982,2281,0.2018506892474175
1982,2282,0.0
1982,2283,0.7456716816941346
1982,2284,0.2753066606538364
1982,2303,0.5214954929773482
1982,2305,0.3165249024619949
1982,2309,1.1384088176505853
1982,2313,1.309798991952435
1982,2321,0.244920621644589
1982,2326,1.0391796118795653
1982,2361,0.7101235267547583
1982,2380,0.5455777614754488
1982,2401,0.7529508276863683
1982,2403,1.8624821916687233
1982,2404,3.4067166886890727
1982,2409,0.45350599007494
1982,2417,6.439169616984193
1982,2418,0.0
1982,2421,0.0
1982,2422,0.06269166029195154
1982,2425,0.4872932287888073
1982,2460,1.3455877856707121
1982,2462,0.1788455673515469
1982,2463,4.644092154723847
1982,2480,1.2088678606477938
1982,2481,3.687161898530429
1982,2482,3.2
1982,2505,0.4568947748092764
1982,2506,0.02760838584533173
1982,2510,0.0
1982,2513,0.021123611557488788
1982,2514,1.1360777853928754
1982,2518,0.288503309289687
1982,2521,0.0
1982,2523,0.0
1982,2560,0.08268038504193338
1982,2580,0.7393135029183816
1982,2581,2.86383216101581
1982,2582,0.2589374605704967
1982,2583,1.3943890683692257
1982,2584,0.0
1985,0114,1.1674559701564349
1985,0115,1.284161379292261
1985,0117,0.8490152964075286
1985,0120,0.4438246306154078
1985,0123,1.0442324113855785
1985,0125,1.3832794529466106
1985,0126,0.5802674221790305
1985,0127,0.7537506326999813
1985,0128,1.511869150226869
1985,0136,0.5249437601911443
1985,0138,0.606257331808466
1985,0139,1.7946245501878924
1985,0140,1.413736959594202
1985,0160,0.8091554381629114
1985,0162,0.6764360595865455
1985,0163,0.8250545542630202
1985,0180,0.4919095400946075
1985,0181,1.335265534986375
1985,0182,0.5869520648824453
1985,0183,0.47960307245377315
1985,0184,0.5465902479340724
1985,0186,0.5811345373206074
1985,0187,0.3675044443568033
1985,0188,0.24900087984508001
1985,0191,1.6482023729773505
1985,0192,0.7573343382691284
1985,0305,2.153917310717188
1985,0319,2.2256289054920515
1985,0330,1.8382152802210696
1985,0331,2.2137318032380295
1985,0360,1.1781297514421787
1985,0380,2.4766523099934554
1985,0381,2.059737617044155
1985,0382,0.6845496880455219
1985,0428,3.362571053888467
1985,0461,1.545225367136393
1985,0480,1.6386582210073284
1985,0481,2.0474920175632607
1985,0482,2.0190163271754087
1985,0483,2.1484753465686586
1985,0484,2.1771000122749204
1985,0486,2.1524931963988814
1985,0488,1.4521900026940757
1985,0509,3.176560239489115
1985,0512,4.454535956094542
1985,0513,3.6727391243710867
1985,0560,3.316080299550078
1985,0561,2.8486830469256397
1985,0562,2.945007766533312
1985,0563,1.3231100071528743
1985,0580,2.533549382910409
1985,0581,2.3049890732037865
1985,0582,2.1416434027294917
1985,0583,3.101231655887087
1985,0584,2.729688291448332
1985,0586,2.6523329397990563
1985,0604,5.567859489024713
1985,0617,9.898943697019082
1985,0642,4.309465945438577
1985,0643,2.554266203830033
1985,0662,11.232511852279774
1985,0665,14.763860919128538
1985,0680,4.566500750823451
1985,0682,6.131215138989835
1985,0683,6.1673812997674435
1985,0684,4.917512176167467
1985,0685,3.0397483216985988
1985,0686,2.687625005261493
1985,0687,4.107506063655869
1985,0760,3.9789494474688736
1985,0761,5.758103638262549
1985,0763,3.3942005197323244
1985,0764,4.917434121899949
1985,0765,6.352059371698835
1985,0767,4.430325455881598
1985,0780,3.379934292922204
1985,0781,6.867751209625263
1985,0821,1.2561824656194962
1985,0834,2.5863408616704984
1985,0840,1.7890012298648992
1985,0860,2.788033581274923
1985,0861,1.4223495687633434
1985,0862,2.60452477557868
1985,0880,1.7703947723522584
1985,0881,1.5461281751462517
1985,0882,1.0378742837963562
1985,0883,0.8158141697597714
1985,0884,1.6068591184740044
1985,0885,1.7586191947604326
1985,0980,0.14292122072188435
1985,1060,4.872556576864593
1985,1080,6.6429101672314195
1985,1081,5.515136116108431
1985,1082,3.7053330751573803
1985,1083,3.7781037104681827
1985,1214,7.41299273356298
1985,1230,4.858632512905467
1985,1231,9.919497287007523
1985,1233,1.4308335851695884
1985,1256,4.513993148727553
1985,1257,6.840859667068673
1985,1260,5.341682101256485
1985,1261,8.879900196356635
1985,1262,9.803326687903184
1985,1263,6.216718188928503
1985,1264,3.4031942640618684
1985,1265,3.146951746237122
1985,1266,6.239138000710458
1985,1267,8.517553177236586
1985,1270,3.593869833197264
1985,1272,3.591781639232459
1985,1273,6.014946252790312
1985,1275,7.506510225348314
1985,1276,7.954321690098071
1985,1277,4.891066083915975
1985,1278,3.934403259834957
1985,1280,2.5695295508405005
1985,1281,3.8794144931786656
1985,1282,5.920720631728095
1985,1283,4.720418929267069
1985,1284,4.64088653415091
1985,1285,8.039754721289828
1985,1286,7.51450857733088
1985,1287,4.157473718982825
1985,1290,2.679043144446705
1985,1291,5.664466545172688
1985,1292,5.726892826502974
1985,1293,3.442553584115957
1985,1315,15.14782704936677
1985,1380,11.583103459428106
1985,1381,5.9356173251921485
1985,1382,7.294829789016109
1985,1383,1.8491709629290354
1985,1384,5.81796044731472
1985,1401,7.725586655745077
1985,1402,9.37358269886181
1985,1407,4.528277540491133
1985,1415,5.722340237557244
1985,1419,0.9316090960392738
1985,1421,0.12875476230162472
1985,1427,0.003062893249915377
1985,1430,0.4901971036794601
1985,1435,1.7808057606470769
1985,1438,1.604893534241158
1985,1439,1.215071829134938
1985,1440,6.106385863683968
1985,1441,9.027462096198128
1985,1442,6.9563673801917485
1985,1443,9.514246958391123
1985,1444,5.338304931459717
1985,1445,4.038345874479271
1985,1446,2.1801887579670822
1985,1447,1.1880295592004897
1985,1452,9.949667918905579
1985,1460,2.8130105983089924
1985,1461,0.882572528198069
1985,1462,4.54066699216753
1985,1463,3.5899061522060713
1985,1465,8.389905325392624
1985,1466,7.1004678496899425
1985,1470,4.757453068851561
1985,1471,4.642693939758851
1985,1472,3.4483546023268508
1985,1473,4.655770881452274
1985,1480,6.175739876338823
1985,1481,7.928788456129855
1985,1482,5.063421679450478
1985,1484,0.09842968876107902
1985,1485,1.5028895330141776
1985,1486,2.532634367341004
1985,1487,1.1023428027532196
1985,1488,3.7012034869895913
1985,1489,11.674973217245714
1985,1490,10.373161386192717
1985,1491,6.030942135649718
1985,1492,2.0438749306473176
1985,1493,3.9163839101688995
1985,1494,2.129006489350662
1985,1495,7.226709570464764
1985,1496,1.3364811302742305
1985,1497,2.092603296974361
1985,1498,2.438339622483817
1985,1499,5.695277429343561
1985,1715,4.892010983328939
1985,1730,1.0450955091797633
1985,1737,0.27182434322482085
1985,1760,2.5218643252764807
1985,1761,2.994108450366112
1985,1762,3.413766253304155
1985,1763,4.173119856057827
1985,1764,3.1049733962041426
1985,1765,1.877123514666556
1985,1766,5.432683235196969
1985,1780,4.459253161344919
1985,1781,0.11954614710363279
1985,1782,3.74741532767793
1985,1783,4.410298470773
1985,1784,3.2332354565074035
1985,1785,3.0848425085141153
1985,1814,0.7765274217103308
1985,1860,5.018817141741549
1985,1861,6.1528445834659715
1985,1862,1.3062453531432763
1985,1863,6.864483705639781
1985,1864,6.137264327862669
1985,1880,6.230029072640974
1985,1881,4.879852234819384
1985,1882,4.68599012661953
1985,1883,3.297638986117321
1985,1884,3.6928835085014615
1985,1885,3.1921993936737043
1985,1904,1.657002953540846
1985,1907,0.8942962697154098
1985,1960,1.6911718458190488
1985,1961,1.0798650437495898
1985,1962,1.54102615822727
1985,1980,1.8590431473058686
1985,1981,1.2302739932625824
1985,1982,1.66088858443274
1985,1983,0.34530118913499114
1985,1984,0.9805025273949194
1985,2021,1.8916845276013579
1985,2023,9.907611349386558
1985,2026,2.4635776808660887
1985,2029,1.156757963475826
1985,2031,0.3718291917093322
1985,2034,0.4941999204479522
1985,2039,0.9936281649970127
1985,2061,2.7232869861689624
1985,2062,0.31765013895066996
1985,2080,4.3432471630177485
1985,2081,5.845061684827465
1985,2082,5.985460416725746
1985,2083,2.8391602256228152
1985,2084,2.3232029197965884
1985,2085,6.556202108255013
1985,2101,2.7743903893742825
1985,2104,3.1706923291871845
1985,2121,1.140106753180835
1985,2132,0.23128761228135855
1985,2161,0.2833527273635741
1985,2180,3.606710559552176
1985,2181,2.40389112235366
1985,2182,1.2602684461718057
1985,2183,1.149809448354817
1985,2184,0.34910985717909593
1985,2260,0.030508507541977117
1985,2262,1.0352086573551187
1985,2280,0.869420170100622
1985,2281,1.0399799351483305
1985,2282,2.1694559238511064
1985,2283,0.08257579499979538
1985,2284,1.1585265424066926
1985,2303,0.03831170083999073
1985,2305,0.5609934151680358
1985,2309,1.1359087635826148
1985,2313,2.064521546510672
1985,2321,0.5673904369879875
1985,2326,0.43725949297555555
1985,2361,0.3687380335673698
1985,2380,0.14112563129566089
1985,2401,0.34420079866894593
1985,2403,1.687697676226188
1985,2404,0.9242359743228304
1985,2409,0.8271602226735453
1985,2417,1.594529315376865
1985,2418,1.5115789980608927
1985,2421,2.187811357133048
1985,2422,0.9829316679564704
1985,2425,4.508516979341514
1985,2460,0.8173052071912622
1985,2462,2.4059201175096327
1985,2463,1.1794885081367519
1985,2480,0.7026249739243233
1985,2481,1.2156270019716642
1985,2482,1.7924819591705785
1985,2505,5.664267731297442
1985,2506,0.08508363650124867
1985,2510,3.3861642313362874
1985,2513,7.531064021888828
1985,2514,7.621941255568243
1985,2518,7.742639154966229
1985,2521,5.545639003778726
1985,2523,7.256712200480371
1985,2560,2.104444012280863
1985,2580,4.839837897166435
1985,2581,1.3720002369906987
1985,2582,3.0072568235099286
1985,2583,19.528308649378438
1985,2584,3.3909204801628685
1988,0114,0.5473879240589317
1988,0115,0.30557002693455554
1988,0117,0.24327252292278073
1988,0120,0.2176165775189971
1988,0123,0.2819864221903597
1988,0125,0.11476480440378985
1988,0126,0.9772212747186938
1988,0127,1.2094121751823146
1988,0128,0.9539792565081334
1988,0136,1.1164844034731316
1988,0138,0.6698913834171634
1988,0139,0.2315415167292974
1988,0140,1.300076052754214
1988,0160,0.6133090670036757
1988,0162,0.4946964336622117
1988,0163,0.44918193731018374
1988,0180,0.4701824805300128
1988,0181,1.045944901696201
1988,0182,0.560811574384982
1988,0183,0.3507154075398997
1988,0184,0.39398758242773296
1988,0186,0.47554515840402817
1988,0187,0.49093194422063025
1988,0188,0.0
1988,0191,0.3145784225689069
1988,0192,1.6133275348094198
1988,0305,0.351864987630227
1988,0319,0.2775624934064604
1988,0330,0.28440067026560234
1988,0331,0.3184576341741491
1988,0360,0.3138921661472476
1988,0380,0.5410345589017039
1988,0381,0.31328620151677267
1988,0382,0.0
1988,0428,5.619217392471538
1988,0461,1.745117165509121
1988,0480,1.1239137213945083
1988,0481,0.8393321741659479
1988,0482,1.6527239872279365
1988,0483,2.0666045264538386
1988,0484,1.4977770816011282
1988,0486,0.43288846897839167
1988,0488,1.2408235943722188
1988,0509,0.6942630683489759
1988,0512,2.010145366382385
1988,0513,2.2260703263624197
1988,0560,3.857362528826635
1988,0561,3.1797993258294164
1988,0562,4.172883743904956
1988,0563,1.9496093379779802
1988,0580,4.081943002976071
1988,0581,3.360825114059389
1988,0582,2.4932798590652236
1988,0583,4.6430898151467375
1988,0584,2.8145304446361648
1988,0586,3.3901922602406147
1988,0604,3.456247592185903
1988,0617,0.11690918106065276
1988,0642,3.3178695221117755
1988,0643,3.4450971011467386
1988,0662,0.13381230968359295
1988,0665,0.09901241317027941
1988,0680,0.7538139268280439
1988,0682,1.1322058491683444
1988,0683,0.0
1988,0684,0.0
1988,0685,0.06800121852738535
1988,0686,0.24060664352212455
1988,0687,2.995356337374292
1988,0760,0.0
1988,0761,0.0
1988,0763,0.0
1988,0764,0.0
1988,0765,0.0
1988,0767,0.0
1988,0780,0.0
1988,0781,0.0
1988,0821,0.2780538739069913
1988,0834,0.0
1988,0840,0.0
1988,0860,1.3709566378586142
1988,0861,0.7615595942921394
1988,0862,0.0
1988,0880,0.0
1988,0881,0.0
1988,0882,1.5222467637174069
1988,0883,1.1790821185946645
1988,0884,2.071840210309409
1988,0885,0.09806957417589386
1988,0980,1.318443100911086
1988,1060,0.0
1988,1080,0.0402757863606241
1988,1081,0.0
1988,1082,0.0
1988,1083,0.0
1988,1214,0.0
1988,1230,0.0
1988,1231,0.0
1988,1233,0.0
1988,1256,0.0
1988,1257,0.0
1988,1260,0.0
1988,1261,0.0
1988,1262,0.0
1988,1263,0.0
1988,1264,0.0
1988,1265,0.0
1988,1266,0.0
1988,1267,0.0
1988,1270,0.0
1988,1272,0.0
1988,1273,0.0
1988,1275,0.0
1988,1276,0.0
1988,1277,0.0
1988,1278,0.0
1988,1280,0.0
1988,1281,0.0
1988,1282,0.0
1988,1283,0.0
1988,1284,0.0
1988,1285,0.0
1988,1286,0.0
1988,1287,0.0
1988,1290,0.0
1988,1291,0.0
1988,1292,0.0
1988,1293,0.0
1988,1315,0.0
1988,1380,0.0
1988,1381,0.0
1988,1382,0.0
1988,1383,0.0
1988,1384,0.0
1988,1401,0.0
1988,1402,0.0192502823091638
1988,1407,0.021461668689694915
1988,1415,0.0020273640477810884
1988,1419,0.003984502239116504
1988,1421,0.0
1988,1427,0.0
1988,1430,0.0
1988,1435,0.0
1988,1438,0.0
1988,1439,0.0
1988,1440,0.07582821649719668
1988,1441,0.02876355548202025
1988,1442,1.2168338872780855
1988,1443,0.01774516444474833
1988,1444,2.1702114274152997
1988,1445,2.723248386795254
1988,1446,1.6267931736403456
1988,1447,2.1756081185877734
1988,1452,0.6749302715809594
1988,1460,0.0
1988,1461,0.0
1988,1462,0.024098314960966195
1988,1463,0.0
1988,1465,0.09299545382175321
1988,1466,1.7729452734163769
1988,1470,3.773490787726051
1988,1471,3.9683500104306004
1988,1472,1.0923286773594203
1988,1473,1.6425502382499026
1988,1480,0.053108177893551906
1988,1481,0.0
1988,1482,0.054547895357444504
1988,1484,0.0
1988,1485,0.0
1988,1486,0.0
1988,1487,0.0
1988,1488,0.01903992703080537
1988,1489,0.3262953652996603
1988,1490,0.19282809690915623
1988,1491,1.5886249389252995
1988,1492,0.0
1988,1493,1.0809262087617886
1988,1494,3.9790441187018604
1988,1495,7.360597726327288
1988,1496,2.921018512413861
1988,1497,0.955246325631449
1988,1498,3.8764739929915337
1988,1499,4.4077675368258165
1988,1715,1.2042536457200743
1988,1730,0.0
1988,1737,3.6333840857498014
1988,1760,4.17579223719978
1988,1761,0.9197765805142007
1988,1762,4.597848717128888
1988,1763,4.129722480909936
1988,1764,0.4207332848441315
1988,1765,0.0
1988,1766,1.8004342146324683
1988,1780,3.1320893299842534
1988,1781,3.719620791545313
1988,1782,3.1789234196479814
1988,1783,3.441943490368627
1988,1784,0.08801222690519345
1988,1785,0.0
1988,1814,3.8283189384278207
1988,1860,3.7498611436633054
1988,1861,3.6516972558580116
1988,1862,3.715345964839969
1988,1863,4.174474623376408
1988,1864,0.9203761290829537
1988,1880,2.2117959913322696
1988,1881,2.9537928856835953
1988,1882,3.7997323538696772
1988,1883,4.068170982640328
1988,1884,4.75058545779395
1988,1885,0.16100736367165128
1988,1904,0.7040470549000737
1988,1907,1.246524475854911
1988,1960,1.4022132857406693
1988,1961,1.4241962581045309
1988,1962,0.5934003743660058
1988,1980,0.8272086786789878
1988,1981,0.6217072964697679
1988,1982,0.7784433845586591
1988,1983,1.28489960362167
1988,1984,1.487540555604583
1988,2021,1.239845781148536
1988,2023,0.48046688681012995
1988,2026,0.7028255964858263
1988,2029,0.3146621946108236
1988,2031,0.09352657587906767
1988,2034,0.3025249804625898
1988,2039,0.5264967381510003
1988,2061,0.7659811897955651
1988,2062,0.3704847468435474
1988,2080,0.5390241964220447
1988,2081,0.6229645069236409
1988,2082,0.48137548249706863
1988,2083,0.38576362591320623
1988,2084,0.68520334198243
1988,2085,0.14075726582285616
1988,2101,0.21333408549250243
1988,2104,0.218374172875892
1988,2121,0.5210945398539949
1988,2132,0.5946702638262831
1988,2161,0.9499418179092776
1988,2180,0.23273404469466424
1988,2181,0.091365515532983
1988,2182,0.6492358082716129
1988,2183,0.7284766472025599
1988,2184,0.8600092944111115
1988,2260,3.573308185676159
1988,2262,2.8389255863265843
1988,2280,1.4394721045319443
1988,2281,2.1494487877818584
1988,2282,1.600477537237682
1988,2283,2.995279435830405
1988,2284,0.9520187753113108
1988,2303,3.3462894129932934
1988,2305,2.5911519564211147
1988,2309,7.33550595950955
1988,2313,9.097753926265545
1988,2321,10.582587399694962
1988,2326,1.156552722431611
1988,2361,0.7028059184620532
1988,2380,3.7391202989639467
1988,2401,1.7398365336071144
1988,2403,0.9508121026378854
1988,2404,1.443582541468949
1988,2409,0.711500336619437
1988,2417,1.5792930980221291
1988,2418,3.60225817296715
1988,2421,4.6703872509770985
1988,2422,4.696268906142903
1988,2425,5.693704094475842
1988,2460,1.8448451895543403
1988,2462,5.1752291463293165
1988,2463,2.869009103108989
1988,2480,1.9054730391878443
1988,2481,1.8009952977377979
1988,2482,0.6700326192248509
1988,2505,2.422995905577275
1988,2506,5.8476731716965835
1988,2510,0.8829426543254048
1988,2513,0.04941486556188127
1988,2514,0.12327123697430648
1988,2518,0.05097402953997842
1988,2521,0.0
1988,2523,0.03227102906467958
1988,2560,0.0
1988,2580,0.0
1988,2581,0.0
1988,2582,0.0
1988,2583,3.4144069428591157
1988,2584,0.0
1991,0114,0.0
1991,0115,0.06161156263910039
1991,0117,0.5272355958246296
1991,0120,0.19279395932797588
1991,0123,0.06914543634675212
1991,0125,0.232421736639039
1991,0126,0.026309048398456953
1991,0127,0.1399678455425443
1991,0128,0.03347369719720259
1991,0136,0.6412211948043912
1991,0138,0.22311225883685565
1991,0139,0.07782429792361731
1991,0140,0.1163216459998262
1991,0160,0.09343522351102276
1991,0162,0.17634942671349876
1991,0163,0.0
1991,0180,0.11283181705623849
1991,0181,0.021784313455699197
1991,0182,0.21082293428827262
1991,0183,0.0
1991,0184,0.155230772796833
1991,0186,0.3547831525022566
1991,0187,0.4123854687708077
1991,0188,0.07066059700622551
1991,0191,0.07744210578348126
1991,0192,0.06229197650937693
1991,0305,0.24181517985865783
1991,0319,0.0
1991,0330,0.049941384390158085
1991,0331,0.3574972047664417
1991,0360,0.02430216866695727
1991,0380,0.12201072843328234
1991,0381,0.26918081809437794
1991,0382,0.16197295795689218
1991,0428,0.03893457393968454
1991,0461,0.0
1991,0480,0.06871402879908159
1991,0481,0.02676300371117521
1991,0482,0.0
1991,0483,0.21085611868913612
1991,0484,0.30866571767993217
1991,0486,0.49398059282909473
1991,0488,0.08479489143344325
1991,0509,0.3908963912615946
1991,0512,0.044528786088272515
1991,0513,0.0
1991,0560,0.9691686701832183
1991,0561,0.0
1991,0562,0.4599030947961707
1991,0563,0.0
1991,0580,0.265952827885115
1991,0581,0.18829947206006142
1991,0582,0.14152277642360225
1991,0583,0.30024715524281664
1991,0584,0.027668093599536783
1991,0586,0.4218552070506737
1991,0604,0.6093452875330169
1991,0617,1.5671511068948578
1991,0642,4.288684046628811
1991,0643,3.6059681088521884
1991,0662,1.352617283757937
1991,0665,0.39334251675217435
1991,0680,2.059085241396591
1991,0682,0.7555700896154832
1991,0683,0.7890436900616301
1991,0684,0.83885900594179
1991,0685,0.5287409111486452
1991,0686,0.017165602119554407
1991,0687,1.8075612542829114
1991,0760,0.5974597754801272
1991,0761,1.1858225956309192
1991,0763,1.2578673309231876
1991,0764,0.9443787936645576
1991,0765,1.6207275869095783
1991,0767,2.111489065356855
1991,0780,0.612907003673145
1991,0781,1.1678009923962156
1991,0821,0.0
1991,0834,0.0241162659941353
1991,0840,0.5790933673239576
1991,0860,0.09401908616936526
1991,0861,0.006473165081404474
1991,0862,0.2021877310848528
1991,0880,0.0
1991,0881,0.027796500275036946
1991,0882,0.0
1991,0883,0.0
1991,0884,0.0
1991,0885,0.06029976476190688
1991,0980,0.6529921579933818
1991,1060,0.36769554300506424
1991,1080,0.0
1991,1081,0.4118423532079985
1991,1082,0.8153981794315314
1991,1083,0.004753924840678031
1991,1214,2.347673867678127
1991,1230,0.023562642863164063
1991,1231,0.0
1991,1233,0.2691142396006042
1991,1256,0.8715974505170967
1991,1257,2.7464345958775294
1991,1260,2.9143178570091113
1991,1261,0.8240528207800573
1991,1262,0.28481065549928974
1991,1263,0.06107332515327152
1991,1264,0.21017684264943726
1991,1265,0.12397660934200155
1991,1266,0.3713205128711532
1991,1267,0.7881922934187986
1991,1270,0.09303541288638083
1991,1272,0.10510126704033515
1991,1273,1.3732221256545245
1991,1275,2.2150590083725485
1991,1276,2.36045537089291
1991,1277,3.37726534571657
1991,1278,0.8864849502156117
1991,1280,0.09292859940099248
1991,1281,0.0797422272636498
1991,1282,0.7137147382224038
1991,1283,1.5078503243319346
1991,1284,0.8764980671200354
1991,1285,0.5966724015009328
1991,1286,0.20597988816996912
1991,1287,0.18031562315700664
1991,1290,0.39041278775662575
1991,1291,0.0
1991,1292,2.7620892641526598
1991,1293,1.4442571511466433
1991,1315,3.346374113081287
1991,1380,2.135236767445569
1991,1381,2.405338064153131
1991,1382,1.0842983877898043
1991,1383,2.2356536214130203
1991,1384,6.687760359839336
1991,1401,8.380000958681334
1991,1402,7.530210438094153
1991,1407,1.1687100480268262
1991,1415,4.433834907742033
1991,1419,1.599187308454579
1991,1421,1.8484080947684418
1991,1427,1.7839477904351697
1991,1430,2.273910611222963
1991,1435,0.9428687332466068
1991,1438,0.9726350671177593
1991,1439,2.981301545357474
1991,1440,5.887492528381902
1991,1441,7.030205387748325
1991,1442,6.241864822531034
1991,1443,9.787880215247258
1991,1444,1.880588927634317
1991,1445,3.1076581695870926
1991,1446,0.24354063638109474
1991,1447,0.10311073919490994
1991,1452,6.773513760082109
1991,1460,1.3205277139088802
1991,1461,2.9187085973281537
1991,1462,4.543272207071527
1991,1463,8.88688153595746
1991,1465,4.536881802419628
1991,1466,5.670333259562553
1991,1470,2.2291993456388073
1991,1471,0.6744760284433533
1991,1472,0.41014400341170204
1991,1473,0.05076438584620655
1991,1480,4.3445403565686656
1991,1481,7.796788276996942
1991,1482,2.2239907554719625
1991,1484,2.0426835045616842
1991,1485,4.114610875218698
1991,1486,0.022687783281066694
1991,1487,2.519011996388974
1991,1488,3.840436640450096
1991,1489,6.046792310201874
1991,1490,9.880643851758279
1991,1491,7.668832154281427
1991,1492,0.36889118684397215
1991,1493,0.0
1991,1494,0.5934505165162416
1991,1495,0.3997268672786132
1991,1496,1.0330577639384249
1991,1497,0.6414469448430742
1991,1498,1.6075796529961601
1991,1499,3.0089429049880856
1991,1715,0.0
1991,1730,0.07764945827381689
1991,1737,0.10864083895243987
1991,1760,0.3528002054770827
1991,1761,0.04230250263863644
1991,1762,0.0
1991,1763,0.0
1991,1764,0.0
1991,1765,0.025085956866812278
1991,1766,0.04633500170069702
1991,1780,0.21346863789957926
1991,1781,0.7275404511980663
1991,1782,0.0
1991,1783,0.24786096487118855
1991,1784,0.0
1991,1785,0.0
1991,1814,1.5968076187472509
1991,1860,1.143929432298897
1991,1861,0.3915918434693161
1991,1862,1.4924401752936562
1991,1863,0.12858535479176256
1991,1864,0.12074036035145569
1991,1880,0.43005332466490853
1991,1881,0.25831381308902623
1991,1882,1.5207278687256671
1991,1883,0.9356305904149447
1991,1884,1.259316679447016
1991,1885,0.41589645548558807
1991,1904,0.18276102505715744
1991,1907,0.0
1991,1960,0.19171859992122864
1991,1961,0.3949924127685867
1991,1962,0.0
1991,1980,0.0
1991,1981,0.047734205651212946
1991,1982,0.0
1991,1983,0.1945109434461273
1991,1984,0.3698327788796805
1991,2021,0.0
1991,2023,0.0
1991,2026,0.0
1991,2029,0.17145479189583496
1991,2031,0.0
1991,2034,0.0
1991,2039,0.036983499245272146
1991,2061,0.0
1991,2062,0.08678890070765864
1991,2080,0.0
1991,2081,0.00037388868390947073
1991,2082,0.0
1991,2083,0.0
1991,2084,0.0
1991,2085,0.020809527281215313
1991,2101,0.004091882424948502
1991,2104,0.0
1991,2121,0.0
1991,2132,0.05191293601419809
1991,2161,0.0
1991,2180,0.015288709912888117
1991,2181,0.0
1991,2182,0.0
1991,2183,0.0
1991,2184,0.0005809655692151195
1991,2260,0.19366952140356933
1991,2262,0.2686579204030368
1991,2280,0.24258017590171344
1991,2281,0.0
1991,2282,0.3044532754582346
1991,2283,5.881807842407901
1991,2284,1.1742447840380963
1991,2303,0.5608451769124182
1991,2305,0.20555097412523926
1991,2309,7.2919063477585695
1991,2313,11.011265937397358
1991,2321,3.292966915267397
1991,2326,0.6018250819156677
1991,2361,0.018202224347827544
1991,2380,0.22412480581044397
1991,2401,3.6285858914426297
1991,2403,4.654923089280358
1991,2404,7.1984016164305
1991,2409,3.5865550108835826
1991,2417,2.3872043994564836
1991,2418,2.901310256892489
1991,2421,8.909120270039788
1991,2422,6.7099473937608085
1991,2425,6.409639818652411
1991,2460,4.526300403132181
1991,2462,5.942803512331846
1991,2463,11.51492425408
1991,2480,1.8583642133552065
1991,2481,4.74349623896135
1991,2482,0.6900857823052766
1991,2505,4.710762617591617
1991,2506,6.7854524463654995
1991,2510,4.598637358524984
1991,2513,5.8529020642512455
1991,2514,7.813941280521442
1991,2518,7.217063001125959
1991,2521,9.762234981658068
1991,2523,5.972396192112537
1991,2560,1.2261876210729044
1991,2580,3.2971410140489503
1991,2581,0.629842124985599
1991,2582,2.405422798276075
1991,2583,9.37464175681054
1991,2584,6.205641810389671
1994,0114,0.1409910969485447
1994,0115,0.20744899448258197
1994,0117,0.4240359860108587
1994,0120,1.0926209066889967
1994,0123,0.18598788506937197
1994,0125,0.25540630311488355
1994,0126,0.18903710497851614
1994,0127,0.3399678455425442
1994,0128,0.3171207091953136
1994,0136,0.21813264570503332
1994,0138,0.6340117638974566
1994,0139,0.10993117717027907
1994,0140,0.028553288075813678
1994,0160,0.046717611755511326
1994,0162,0.08817471335674934
1994,0163,0.07340834850008936
1994,0180,0.09190954009460753
1994,0181,0.19850262493086251
1994,0182,0.6364370699015132
1994,0183,0.004987327085814864
1994,0184,0.07761538639841646
1994,0186,0.40954009451834167
1994,0187,0.4465241581351247
1994,0188,1.7940545450571186
1994,0191,0.051385396971155045
1994,0192,1.5239704646263514
1994,0305,0.1548652225272989
1994,0319,0.08538728738837174
1994,0330,0.03445928587544428
1994,0331,0.033476416241875244
1994,0360,0.12798708332559475
1994,0380,0.2190238304684216
1994,0381,0.18012098750616307
1994,0382,0.0
1994,0428,0.040044484370315436
1994,0461,0.10188660220285864
1994,0480,0.9221680383303652
1994,0481,1.8774249862490637
1994,0482,0.29548859902889113
1994,0483,0.24029706462991401
1994,0484,0.9368966700204082
1994,0486,0.3550561261545663
1994,0488,0.20793943401645737
1994,0509,0.09492965727037661
1994,0512,1.8872011771831034
1994,0513,1.3392364382664348
1994,0560,0.3661298540170115
1994,0561,2.33449022705385
1994,0562,0.167072272161162
1994,0563,4.326100086733731
1994,0580,0.22688788983500494
1994,0581,0.689759363478901
1994,0582,1.7630623331778552
1994,0583,0.27578847220463676
1994,0584,0.0
1994,0586,0.10546380176266842
1994,0604,1.1563499754788866
1994,0617,2.1178064873294153
1994,0642,0.40761478552494473
1994,0643,1.0645751754434472
1994,0662,2.457300889539642
1994,0665,2.162983628448779
1994,0680,0.3736107773603497
1994,0682,1.958138825527095
1994,0683,1.4738053577345493
1994,0684,1.5807782623047704
1994,0685,4.562079852212033
1994,0686,6.951980648864932
1994,0687,0.3510112193268231
1994,0760,7.577939169990241
1994,0761,13.34480303406843
1994,0763,12.00984288635676
1994,0764,2.2631783626460975
1994,0765,5.621758385461867
1994,0767,3.2733984789652366
1994,0780,3.209789648890233
1994,0781,1.3363996192985106
1994,0821,10.983489118534084
1994,0834,5.905774537760936
1994,0840,5.292444332373991
1994,0860,11.179633686461585
1994,0861,10.220482949491144
1994,0862,11.235414533025093
1994,0880,5.35901517891903
1994,0881,8.101716094696798
1994,0882,13.527344861616786
1994,0883,5.218491007520688
1994,0884,14.965106553218071
1994,0885,6.011401612412596
1994,0980,4.1213352238932135
1994,1060,7.774185226048386
1994,1080,13.155320485861822
1994,1081,11.393190264130906
1994,1082,10.59891185821785
1994,1083,5.846479652817779
1994,1214,0.34741894406328877
1994,1230,3.6365115832670707
1994,1231,2.9730525825982603
1994,1233,1.1440655153067496
1994,1256,4.294621406383103
1994,1257,2.157637656956429
1994,1260,0.41265214027205543
1994,1261,1.5142419244592968
1994,1262,2.2904012073924864
1994,1263,1.9982885087956879
1994,1264,8.637424467958928
1994,1265,5.478480434917318
1994,1266,7.254009888300018
1994,1267,3.5167932462669818
1994,1270,3.6921107086354543
1994,1272,3.533169724223243
1994,1273,5.463754804171808
1994,1275,2.0995591155902327
1994,1276,2.05883984913825
1994,1277,0.7566636247276803
1994,1278,1.4939233978612025
1994,1280,1.7619866060430769
1994,1281,4.210912132513157
1994,1282,0.16739610849416772
1994,1283,0.7853133098476415
1994,1284,1.661963890981994
1994,1285,3.898499566085235
1994,1286,5.575207017245896
1994,1287,4.1503193486702115
1994,1290,3.2714979514311864
1994,1291,5.013880627915874
1994,1292,1.3145351028216161
1994,1293,1.8179552227746405
1994,1315,3.0401302584415806
1994,1380,0.7127009914673099
1994,1381,1.1743243460292332
1994,1382,3.108874189903291
1994,1383,0.003949159319003382
1994,1384,0.18578224189364873
1994,1401,0.007659811396875266
1994,1402,0.08072957392170581
1994,1407,0.0
1994,1415,0.0
1994,1419,0.0
1994,1421,0.0
1994,1427,0.0
1994,1430,0.0
1994,1435,0.0
1994,1438,0.0
1994,1439,0.15976791135649412
1994,1440,0.37428076166384594
1994,1441,0.34689387910128705
1994,1442,0.9194955094019758
1994,1443,0.19825361640227246
1994,1444,1.2008204579746509
1994,1445,1.6447758572544209
1994,1446,0.0010593305021361133
1994,1447,0.003169673442076948
1994,1452,1.7879111289721956
1994,1460,0.4546367382711755
1994,1461,0.42192743724659665
1994,1462,0.5690884537573284
1994,1463,0.15238555055051586
1994,1465,0.3491716588753211
1994,1466,1.669869168080694
1994,1470,0.4582001426742215
1994,1471,0.42382607942836714
1994,1472,0.0680476575729373
1994,1473,0.08944917938564656
1994,1480,0.03473091229324681
1994,1481,0.013029926738009557
1994,1482,0.0
1994,1484,0.0
1994,1485,0.0
1994,1486,0.0
1994,1487,0.5336601044356686
1994,1488,0.9226793759517924
1994,1489,1.1977927018572478
1994,1490,0.0
1994,1491,0.8943080793248717
1994,1492,0.10539748195542063
1994,1493,0.01323777016883871
1994,1494,1.5258856723649363
1994,1495,0.44936334863231264
1994,1496,0.07583042124515724
1994,1497,0.3467742598796568
1994,1498,1.5993641459578618
1994,1499,0.05579779214155631
1994,1715,0.0
1994,1730,0.0
1994,1737,0.0
1994,1760,0.14627159827440495
1994,1761,0.0
1994,1762,0.0
1994,1763,0.0
1994,1764,0.0
1994,1765,0.0
1994,1766,0.0
1994,1780,0.0
1994,1781,0.35520787983269875
1994,1782,0.07298812933907071
1994,1783,0.0
1994,1784,0.0
1994,1785,0.0
1994,1814,0.233423341982737
1994,1860,0.21733080256720289
1994,1861,0.25624390566350863
1994,1862,0.37497646843472643
1994,1863,0.0
1994,1864,0.0
1994,1880,0.2050157018239408
1994,1881,0.08726631773536753
1994,1882,0.4275231057762293
1994,1883,0.29061714088461504
1994,1884,0.8245612464098776
1994,1885,0.24944179947869316
1994,1904,0.0
1994,1907,0.01940969587608773
1994,1960,0.0
1994,1961,0.0
1994,1962,0.0
1994,1980,0.0
1994,1981,0.04261245657446823
1994,1982,0.0
1994,1983,0.0
1994,1984,0.17241904687027168
1994,2021,0.04567743142842047
1994,2023,0.0
1994,2026,0.0
1994,2029,0.0
1994,2031,0.0
1994,2034,0.0
1994,2039,0.0
1994,2061,0.0
1994,2062,0.0
1994,2080,0.0
1994,2081,0.0
1994,2082,0.0
1994,2083,0.0
1994,2084,0.17447682742518653
1994,2085,0.0
1994,2101,0.0
1994,2104,0.010503037084949863
1994,2121,0.0
1994,2132,0.0
1994,2161,0.0
1994,2180,0.11018255987104605
1994,2181,0.29023596702383014
1994,2182,0.0
1994,2183,0.0
1994,2184,0.0
1994,2260,0.0
1994,2262,0.0
1994,2280,0.0
1994,2281,0.0
1994,2282,0.0
1994,2283,0.0
1994,2284,0.0
1994,2303,0.0
1994,2305,0.0
1994,2309,0.0
1994,2313,0.0
1994,2321,0.0
1994,2326,0.0
1994,2361,0.0
1994,2380,0.0
1994,2401,0.0
1994,2403,0.0
1994,2404,0.0
1994,2409,0.0
1994,2417,0.0
1994,2418,0.0
1994,2421,0.0
1994,2422,0.0
1994,2425,0.0
1994,2460,0.0
1994,2462,0.0
1994,2463,0.0
1994,2480,0.0
1994,2481,0.0
1994,2482,0.0
1994,2505,0.0
1994,2506,0.0
1994,2510,0.0
1994,2513,0.0
1994,2514,0.0
1994,2518,0.0
1994,2521,0.0
1994,2523,0.0
1994,2560,0.0
1994,2580,0.0
1994,2581,0.0
1994,2582,0.0
1994,2583,0.0
1994,2584,0.0
1998,0114,0.0
1998,0115,0.0
1998,0117,0.0
1998,0120,0.0
1998,0123,0.0
1998,0125,0.0
1998,0126,0.0
1998,0127,0.0
1998,0128,0.0
1998,0136,0.0
1998,0138,0.0
1998,0139,0.0
1998,0140,0.0
1998,0160,0.0
1998,0162,0.0
1998,0163,0.0
1998,0180,0.0
1998,0181,0.0
1998,0182,0.0
1998,0183,0.0
1998,0184,0.0
1998,0186,0.0
1998,0187,0.0
1998,0188,0.0
1998,0191,0.0
1998,0192,0.0
1998,0305,0.0
1998,0319,0.0
1998,0330,0.0
1998,0331,0.0
1998,0360,0.0
1998,0380,0.0
1998,0381,0.0
1998,0382,0.0
1998,0428,0.0
1998,0461,0.02797229113917049
1998,0480,0.0
1998,0481,0.0
1998,0482,0.0
1998,0483,0.0
1998,0484,0.0057771451199547744
1998,0486,0.0
1998,0488,0.005342374295259878
1998,0509,0.0
1998,0512,0.0
1998,0513,0.0
1998,0560,0.0
1998,0561,0.0
1998,0562,0.0
1998,0563,0.0
1998,0580,0.0
1998,0581,0.0
1998,0582,0.0
1998,0583,0.0
1998,0584,0.0020091344817953494
1998,0586,0.0
1998,0604,0.0
1998,0617,0.0
1998,0642,0.004813688562765448
1998,0643,0.0
1998,0662,0.0
1998,0665,0.0
1998,0680,0.0
1998,0682,0.0
1998,0683,0.0
1998,0684,0.0
1998,0685,0.0
1998,0686,0.0
1998,0687,0.0
1998,0760,0.0
1998,0761,0.17644427659785644
1998,0763,0.0
1998,0764,0.0
1998,0765,0.0
1998,0767,0.0
1998,0780,0.0
1998,0781,0.0
1998,0821,0.0
1998,0834,0.0
1998,0840,0.008820637584866097
1998,0860,0.0
1998,0861,0.0
1998,0862,0.0042527099794308024
1998,0880,0.10082918511854265
1998,0881,0.0
1998,0882,0.0
1998,0883,0.0
1998,0884,0.0
1998,0885,0.0
1998,0980,0.0
1998,1060,0.0
1998,1080,0.0
1998,1081,0.0
1998,1082,0.0
1998,1083,0.0
1998,1214,0.0
1998,1230,0.0
1998,1231,0.0
1998,1233,0.0
1998,1256,0.08593033573356859
1998,1257,0.008142578006483814
1998,1260,0.0
1998,1261,0.0
1998,1262,0.0
1998,1263,0.0
1998,1264,0.003192326749454891
1998,1265,0.08243363501017804
1998,1266,0.0
1998,1267,0.0
1998,1270,0.1453448890651396
1998,1272,0.0
1998,1273,0.0
1998,1275,0.0
1998,1276,0.0
1998,1277,0.0
1998,1278,0.16611576714683865
1998,1280,0.0
1998,1281,0.0
1998,1282,0.0
1998,1283,0.0
1998,1284,0.07462972398668277
1998,1285,0.0
1998,1286,0.0438060149829966
1998,1287,0.0
1998,1290,0.014165215710405167
1998,1291,0.0
1998,1292,0.0
1998,1293,0.0
1998,1315,0.12052579185056414
1998,1380,0.05043715361192389
1998,1381,0.05926701039742921
1998,1382,0.04303659386838444
1998,1383,0.0
1998,1384,0.0
1998,1401,0.0
1998,1402,0.0
1998,1407,0.0
1998,1415,0.0
1998,1419,0.0
1998,1421,0.0
1998,1427,0.0
1998,1430,0.0
1998,1435,0.0
1998,1438,0.0
1998,1439,0.0
1998,1440,0.0
1998,1441,0.0
1998,1442,0.0
1998,1443,0.0
1998,1444,0.0
1998,1445,0.06426290045698779
1998,1446,0.14071114843546423
1998,1447,0.0
1998,1452,0.0
1998,1460,0.0
1998,1461,0.0
1998,1462,0.0
1998,1463,0.0
1998,1465,0.0
1998,1466,0.0
1998,1470,0.0
1998,1471,0.0
1998,1472,0.0
1998,1473,0.0
1998,1480,0.0
1998,1481,0.0
1998,1482,0.0
1998,1484,0.0
1998,1485,0.0
1998,1486,0.0
1998,1487,0.0
1998,1488,0.01933410441593226
1998,1489,0.0314790892929289
1998,1490,0.0
1998,1491,0.022173199214263223
1998,1492,0.0
1998,1493,0.0
1998,1494,0.0
1998,1495,0.0
1998,1496,0.0
1998,1497,0.0
1998,1498,0.0
1998,1499,0.0
1998,1715,0.0
1998,1730,0.0
1998,1737,0.0
1998,1760,0.0
1998,1761,0.0
1998,1762,0.0
1998,1763,0.0
1998,1764,0.0
1998,1765,0.0
1998,1766,0.0
1998,1780,0.0
1998,1781,0.0
1998,1782,0.0
1998,1783,0.0
1998,1784,0.0
1998,1785,0.0
1998,1814,0.0
1998,1860,0.0
1998,1861,0.0
1998,1862,0.0
1998,1863,0.0
1998,1864,0.043182580965565945
1998,1880,0.0
1998,1881,0.0
1998,1882,0.0
1998,1883,0.01042889179652488
1998,1884,0.1519258269569757
1998,1885,0.03902653862877631
1998,1904,0.0
1998,1907,0.0
1998,1960,0.0
1998,1961,0.13166413758952894
1998,1962,0.0
1998,1980,0.0463771214760499
1998,1981,0.0
1998,1982,0.0
1998,1983,0.0
1998,1984,0.0
1998,2021,0.0
1998,2023,0.0
1998,2026,0.0
1998,2029,0.0
1998,2031,0.0
1998,2034,0.0
1998,2039,0.0
1998,2061,0.0
1998,2062,0.0
1998,2080,0.0
1998,2081,0.0
1998,2082,0.0
1998,2083,0.0
1998,2084,0.0
1998,2085,0.010404763640607655
1998,2101,0.0
1998,2104,0.0
1998,2121,0.0
1998,2132,0.0
1998,2161,0.0
1998,2180,0.0
1998,2181,0.0
1998,2182,0.0
1998,2183,0.0
1998,2184,0.0
1998,2260,0.03962144329326142
1998,2262,0.0
1998,2280,0.0
1998,2281,0.0
1998,2282,0.0
1998,2283,0.15514076925121323
1998,2284,0.0
1998,2303,0.0
1998,2305,0.07881165037048182
1998,2309,0.14150332196646048
1998,2313,0.10851664261158571
1998,2321,0.6112127030943777
1998,2326,0.016664344190134996
1998,2361,0.0
1998,2380,0.14129046269116252
1998,2401,0.4452127098799285
1998,2403,1.220571392662352
1998,2404,0.629069834938467
1998,2409,1.2792446182206159
1998,2417,0.3565503409580334
1998,2418,0.13727000807068046
1998,2421,0.059200439211113294
1998,2422,0.29974278473631166
1998,2425,0.022883204056072068
1998,2460,0.8689962617395484
1998,2462,0.1671972169202911
1998,2463,1.0810826966176488
1998,2480,0.6335680245732846
1998,2481,0.32691469494786535
1998,2482,0.46017224575435955
1998,2505,0.6488516101416819
1998,2506,1.870827045067137
1998,2510,0.0
1998,2513,1.8166959656984067
1998,2514,1.8640642660088051
1998,2518,2.2139923458225734
1998,2521,3.940091984871704
1998,2523,0.7172993454689462
1998,2560,0.9370407587858813
1998,2580,1.3954632392411221
1998,2581,0.24564549232362956
1998,2582,2.2019939835228657
1998,2583,2.7279953103761354
1998,2584,0.21082159362535577
2002,0114,0.011309634294527582
2002,0115,0.16778069941191417
2002,0117,1.1644433393010016
2002,0120,1.4721008826986497
2002,0123,0.0011042581922918293
2002,0125,0.0
2002,0126,0.2561452065356821
2002,0127,0.0
2002,0128,0.0
2002,0136,0.708914414968965
2002,0138,1.1796741774535366
2002,0139,0.0
2002,0140,0.0
2002,0160,0.10960460931387764
2002,0162,0.2474340239784688
2002,0163,0.17265662291217576
2002,0180,0.3110085002137115
2002,0181,0.0
2002,0182,0.5576905025244728
2002,0183,0.23676835717039568
2002,0184,0.31511182170125157
2002,0186,0.294097160591531
2002,0187,0.16808868661104207
2002,0188,10.313219089443644
2002,0191,0.0530679660947511
2002,0192,0.0
2002,0305,0.0
2002,0319,0.24967253063010497
2002,0330,0.06960636175019179
2002,0331,0.19441247311473986
2002,0360,0.15939816880688784
2002,0380,0.008707546071974255
2002,0381,0.0
2002,0382,0.45253754732830975
2002,0428,0.0
2002,0461,0.0
2002,0480,0.0
2002,0481,0.0
2002,0482,0.0
2002,0483,0.0
2002,0484,0.0
2002,0486,0.0
2002,0488,0.0
2002,0509,0.0
2002,0512,0.0
2002,0513,0.0
2002,0560,0.0
2002,0561,0.0
2002,0562,0.0
2002,0563,0.0
2002,0580,0.0
2002,0581,0.0
2002,0582,0.0
2002,0583,0.0
2002,0584,0.0
2002,0586,0.0
2002,0604,0.0
2002,0617,0.0
2002,0642,0.0
2002,0643,0.0
2002,0662,0.0
2002,0665,0.0
2002,0680,0.0
2002,0682,0.0
2002,0683,0.0
2002,0684,0.0
2002,0685,0.0
2002,0686,0.0
2002,0687,0.0
2002,0760,0.0
2002,0761,0.0
2002,0763,0.0
2002,0764,0.0
2002,0765,0.5334948137097946
2002,0767,0.0
2002,0780,0.0
2002,0781,0.0
2002,0821,0.0
2002,0834,0.0
2002,0840,2.1749034496882675
2002,0860,0.0
2002,0861,0.08938622871848914
2002,0862,0.0
2002,0880,0.0
2002,0881,0.0
2002,0882,0.0
2002,0883,0.0
2002,0884,0.0
2002,0885,1.586601241050349
2002,0980,1.1080555596241575
2002,1060,0.0
2002,1080,0.0
2002,1081,0.0
2002,1082,0.0
2002,1083,0.0
2002,1214,0.0
2002,1230,0.0
2002,1231,0.0
2002,1233,0.0
2002,1256,0.0
2002,1257,0.0
2002,1260,0.0
2002,1261,0.0
2002,1262,0.0
2002,1263,0.0
2002,1264,0.0
2002,1265,0.0
2002,1266,0.0
2002,1267,0.0
2002,1270,0.0
2002,1272,0.0
2002,1273,0.09252888164319807
2002,1275,0.0
2002,1276,0.0
2002,1277,0.0
2002,1278,0.0
2002,1280,0.0
2002,1281,0.0
2002,1282,0.0
2002,1283,0.0
2002,1284,0.0
2002,1285,0.0
2002,1286,0.0
2002,1287,0.0
2002,1290,0.0
2002,1291,0.0
2002,1292,0.0
2002,1293,0.0
2002,1315,0.0
2002,1380,0.0
2002,1381,0.0
2002,1382,0.0
2002,1383,0.0
2002,1384,0.0
2002,1401,0.1404518946308324
2002,1402,0.2068666986212237
2002,1407,0.0
2002,1415,0.0
2002,1419,0.0
2002,1421,0.0
2002,1427,0.0
2002,1430,0.0
2002,1435,0.0
2002,1438,0.22254153426076276
2002,1439,0.08038902376421886
2002,1440,0.03436791389449444
2002,1441,0.08777421097465864
2002,1442,0.0
2002,1443,0.0
2002,1444,0.0
2002,1445,0.0
2002,1446,0.0055416030380691875
2002,1447,0.003630285764483632
2002,1452,0.0
2002,1460,0.05945377190984841
2002,1461,0.1446949454189172
2002,1462,0.0
2002,1463,0.0
2002,1465,0.0
2002,1466,0.0
2002,1470,0.0
2002,1471,0.0
2002,1472,0.0
2002,1473,0.0
2002,1480,0.16246283486390942
2002,1481,0.2763135922736673
2002,1482,0.0
2002,1484,0.0
2002,1485,0.0
2002,1486,0.10442737289413391
2002,1487,0.07586575713787043
2002,1488,0.0
2002,1489,0.0
2002,1490,0.0
2002,1491,0.0
2002,1492,0.623161032104916
2002,1493,0.0
2002,1494,0.00344768073248084
2002,1495,0.0
2002,1496,0.0
2002,1497,0.0
2002,1498,0.0
2002,1499,0.0
2002,1715,1.5252228781373676
2002,1730,1.7371443664296755
2002,1737,2.9393903434703454
2002,1760,0.43868912045030406
2002,1761,0.8509968937423543
2002,1762,2.0606772781427005
2002,1763,1.1380784458307731
2002,1764,0.7751003273431185
2002,1765,1.000252596669965
2002,1766,2.603492995306608
2002,1780,0.6842256564094663
2002,1781,0.1564186076181806
2002,1782,1.309669883716553
2002,1783,2.006103822457864
2002,1784,1.7268004684956944
2002,1785,0.6739259752710464
2002,1814,0.018601586393951815
2002,1860,0.014533243504368132
2002,1861,0.0
2002,1862,0.035671724102396614
2002,1863,1.0236161195685325
2002,1864,1.4180445022326302
2002,1880,0.0
2002,1881,0.003323080669135653
2002,1882,0.0
2002,1883,0.19062966606922616
2002,1884,0.008116513953124876
2002,1885,0.15610615451510526
2002,1904,0.0
2002,1907,0.2518791601432715
2002,1960,0.0
2002,1961,0.051681538134377675
2002,1962,0.07289698492669042
2002,1980,0.0
2002,1981,0.21306228287234114
2002,1982,0.04461084613966484
2002,1983,0.0010278253900560322
2002,1984,0.0
2002,2021,2.482191171292307
2002,2023,2.297229946196668
2002,2026,1.2191245419612544
2002,2029,1.1418355611374933
2002,2031,2.1386322366493995
2002,2034,2.279041822159989
2002,2039,2.584418502547217
2002,2061,0.49938831121407307
2002,2062,1.5426218100731095
2002,2080,1.5253879334644072
2002,2081,1.0
2002,2082,1.6063722052835852
2002,2083,0.822560746944972
2002,2084,0.659536852273277
2002,2085,1.2336690034946483
2002,2101,1.1930514731474129
2002,2104,1.1522435372315116
2002,2121,2.5801726553792284
2002,2132,1.9844266736943936
2002,2161,2.7711767150324618
2002,2180,0.6315864170773745
2002,2181,0.9627855340736415
2002,2182,1.0154989372874503
2002,2183,1.6584842147845864
2002,2184,1.07351800471245
2002,2260,4.08753046442682
2002,2262,2.0803584173982874
2002,2280,1.5870899341218712
2002,2281,1.6716860894444245
2002,2282,1.5284612993382678
2002,2283,3.3048415074842845
2002,2284,0.8390159190108023
2002,2303,6.257344261944235
2002,2305,6.640318395252514
2002,2309,4.7050509062883
2002,2313,5.28753073606961
2002,2321,3.3288660426405534
2002,2326,3.7288200671941762
2002,2361,4.494139851171582
2002,2380,9.154356932420606
2002,2401,0.10293075920518249
2002,2403,0.251726243492552
2002,2404,0.2104845657465159
2002,2409,0.09580031362183862
2002,2417,1.061684338330405
2002,2418,1.2252612686653825
2002,2421,1.3387592613966794
2002,2422,2.1415655433900054
2002,2425,4.353776301148215
2002,2460,0.0
2002,2462,3.073093342252136
2002,2463,1.5525704253950212
2002,2480,0.30888967059788525
2002,2481,1.0283877949059814
2002,2482,0.45748595916341644
2002,2505,1.5768438348280516
2002,2506,1.7669420452817475
2002,2510,2.9232120016024545
2002,2513,0.0
2002,2514,0.0
2002,2518,0.0
2002,2521,0.0
2002,2523,1.5334512940178446
2002,2560,0.7869746279308001
2002,2580,0.0
2002,2581,0.1198109872722022
2002,2582,0.36968327549869096
2002,2583,0.0
2002,2584,1.4915113695877509
2006,0114,0.0
2006,0115,0.0
2006,0117,0.0
2006,0120,0.0
2006,0123,0.0
2006,0125,0.0
2006,0126,0.07192739673215895
2006,0127,0.0
2006,0128,0.0
2006,0136,0.0
2006,0138,0.0
2006,0139,0.0
2006,0140,0.0
2006,0160,0.0
2006,0162,0.0
2006,0163,0.0
2006,0180,0.0
2006,0181,0.0
2006,0182,0.0
2006,0183,0.0
2006,0184,0.0
2006,0186,0.0
2006,0187,0.0
2006,0188,0.0
2006,0191,0.0
2006,0192,0.0
2006,0305,0.0
2006,0319,0.0
2006,0330,0.0
2006,0331,0.0
2006,0360,0.0
2006,0380,0.0
2006,0381,0.0
2006,0382,0.0
2006,0428,0.0
2006,0461,0.0
2006,0480,0.0
2006,0481,0.0
2006,0482,0.0
2006,0483,0.0
2006,0484,0.0
2006,0486,0.0
2006,0488,0.0
2006,0509,0.0
2006,0512,0.0
2006,0513,0.0
2006,0560,0.0
2006,0561,0.0
2006,0562,0.0
2006,0563,0.0
2006,0580,0.0
2006,0581,0.0
2006,0582,0.0
2006,0583,0.0
2006,0584,0.0
2006,0586,0.0
2006,0604,0.0
2006,0617,0.0
2006,0642,0.0
2006,0643,0.0
2006,0662,0.0
2006,0665,0.0
2006,0680,0.0
2006,0682,0.0
2006,0683,0.0
2006,0684,0.10863649098920253
2006,0685,0.0
2006,0686,0.0
2006,0687,0.0
2006,0760,0.0
2006,0761,0.0
2006,0763,0.0
2006,0764,0.0
2006,0765,0.0
2006,0767,0.0
2006,0780,0.0
2006,0781,0.0
2006,0821,0.10943676860643561
2006,0834,0.0
2006,0840,0.04857670749974883
2006,0860,0.0
2006,0861,0.0
2006,0862,0.013708111346597537
2006,0880,0.0
2006,0881,0.11605415554992478
2006,0882,0.0
2006,0883,0.0
2006,0884,0.0
2006,0885,0.13971619056092893
2006,0980,0.0
2006,1060,0.0
2006,1080,0.0
2006,1081,0.0
2006,1082,0.0
2006,1083,0.0
2006,1214,0.0
2006,1230,0.0
2006,1231,0.0
2006,1233,0.0
2006,1256,0.0
2006,1257,0.0
2006,1260,0.0
2006,1261,0.0
2006,1262,0.0
2006,1263,0.0
2006,1264,0.0
2006,1265,0.0
2006,1266,0.0
2006,1267,0.0
2006,1270,0.0
2006,1272,0.0
2006,1273,0.0
2006,1275,0.0
2006,1276,0.0
2006,1277,0.0
2006,1278,0.0
2006,1280,0.0
2006,1281,0.0
2006,1282,0.0
2006,1283,0.0
2006,1284,0.0
2006,1285,0.0
2006,1286,0.0
2006,1287,0.0
2006,1290,0.0
2006,1291,0.0
2006,1292,0.0
2006,1293,0.0
2006,1315,0.0
2006,1380,0.0
2006,1381,0.0
2006,1382,0.0
2006,1383,0.0
2006,1384,0.0
2006,1401,0.0
2006,1402,0.0
2006,1407,0.0
2006,1415,0.0
2006,1419,0.0
2006,1421,0.1874244517950117
2006,1427,0.2743052464599717
2006,1430,0.0
2006,1435,0.26039249126464925
2006,1438,0.7944365715256398
2006,1439,0.12058353564632829
2006,1440,0.07798655078878233
2006,1441,0.12305295983418563
2006,1442,0.0
2006,1443,0.09912680820113627
2006,1444,0.0
2006,1445,0.0
2006,1446,0.01662480911420756
2006,1447,0.010890857293450894
2006,1452,0.0
2006,1460,0.6199189803620186
2006,1461,0.0
2006,1462,0.0
2006,1463,0.0
2006,1465,0.0
2006,1466,0.0
2006,1470,0.0
2006,1471,0.0
2006,1472,0.0
2006,1473,0.0
2006,1480,0.0
2006,1481,0.0
2006,1482,0.0
2006,1484,0.05615651361227092
2006,1485,0.051196774157520615
2006,1486,0.3578797674765579
2006,1487,0.11379863570680566
2006,1488,0.0
2006,1489,0.22834180702497245
2006,1490,0.0
2006,1491,0.0
2006,1492,0.004463023417459633
2006,1493,0.0
2006,1494,0.0
2006,1495,0.0
2006,1496,0.0
2006,1497,0.0
2006,1498,0.0
2006,1499,0.0
2006,1715,0.0
2006,1730,0.0
2006,1737,0.0
2006,1760,0.0
2006,1761,0.0
2006,1762,0.0
2006,1763,0.0
2006,1764,0.23172922890791725
2006,1765,0.8727105462963727
2006,1766,0.007670831904412057
2006,1780,0.0
2006,1781,0.03177799844725319
2006,1782,0.0
2006,1783,0.0
2006,1784,0.0947133680214411
2006,1785,0.5406549636630996
2006,1814,0.284129422619787
2006,1860,0.15905972839171945
2006,1861,0.0
2006,1862,0.19951288430039668
2006,1863,0.0
2006,1864,0.0
2006,1880,0.0
2006,1881,0.0
2006,1882,0.0
2006,1883,0.01042889179652488
2006,1884,0.16277577350573447
2006,1885,0.0
2006,1904,0.0
2006,1907,0.0
2006,1960,0.0
2006,1961,0.0
2006,1962,0.0
2006,1980,0.0
2006,1981,0.0
2006,1982,0.0
2006,1983,0.0
2006,1984,0.0
2006,2021,0.0
2006,2023,0.0
2006,2026,0.0
2006,2029,0.0
2006,2031,0.0
2006,2034,0.0
2006,2039,0.0
2006,2061,0.0
2006,2062,0.0
2006,2080,0.0
2006,2081,0.0
2006,2082,0.0
2006,2083,0.0
2006,2084,0.0
2006,2085,0.0
2006,2101,0.0
2006,2104,0.0
2006,2121,0.0
2006,2132,0.0
2006,2161,0.0
2006,2180,0.0
2006,2181,0.0
2006,2182,0.0
2006,2183,0.0
2006,2184,0.0
2006,2260,0.0
2006,2262,0.0
2006,2280,0.0
2006,2281,0.0
2006,2282,0.0
2006,2283,0.0
2006,2284,0.0
2006,2303,0.0
2006,2305,0.0
2006,2309,0.0
2006,2313,0.0
2006,2321,0.2773679757157267
2006,2326,0.0
2006,2361,0.0
2006,2380,0.00534114845109312
2006,2401,0.0
2006,2403,0.0
2006,2404,0.0
2006,2409,0.0
2006,2417,0.0
2006,2418,0.0
2006,2421,0.0
2006,2422,0.0
2006,2425,0.017496365419059953
2006,2460,0.0
2006,2462,0.0
2006,2463,0.0
2006,2480,0.0
2006,2481,0.1471755471517465
2006,2482,0.0
2006,2505,0.0
2006,2506,0.0
2006,2510,0.0
2006,2513,0.0
2006,2514,0.0
2006,2518,0.0
2006,2521,1.548229764705983
2006,2523,0.0
2006,2560,0.0
2006,2580,0.0
2006,2581,0.0
2006,2582,0.0
2006,2583,0.0
2006,2584,0.029771913594043888
2010,0114,0.12254246906417261
2010,0115,0.11240711958810792
2010,0117,0.3573338189775184
2010,0120,0.27354195544238097
2010,0123,0.06483377104846794
2010,0125,0.020568811031669805
2010,0126,0.0
2010,0127,0.0070946841857998846
2010,0128,0.0
2010,0136,0.0
2010,0138,0.0
2010,0139,0.39893226498031104
2010,0140,0.008701248755772162
2010,0160,0.1433288409022847
2010,0162,0.0680670441963758
2010,0163,0.057011895670312826
2010,0180,0.00022204982605010805
2010,0181,0.0
2010,0182,0.0
2010,0183,0.02543019780643796
2010,0184,0.017369368108155925
2010,0186,0.03574856900982524
2010,0187,0.08831451246014789
2010,0188,0.5564296275404635
2010,0191,0.7360415806028902
2010,0192,0.0
2010,0305,1.6747654108213808
2010,0319,0.640384972228266
2010,0330,0.8296702147919373
2010,0331,0.03691526834829819
2010,0360,0.6164872155959682
2010,0380,1.0534831876368438
2010,0381,1.8591582227602261
2010,0382,0.8804391239081868
2010,0428,0.07839512026294523
2010,0461,0.09188403984903531
2010,0480,0.0
2010,0481,0.00865043853813605
2010,0482,0.0
2010,0483,0.29191861913217027
2010,0484,0.03348433189330074
2010,0486,0.06847220658814251
2010,0488,0.0
2010,0509,2.153707226709823
2010,0512,20.712819120224353
2010,0513,3.248578775865644
2010,0560,1.6287742821138929
2010,0561,1.7195998419483398
2010,0562,0.0
2010,0563,1.8042090693338975
2010,0580,0.26878710022454305
2010,0581,0.31858989745808786
2010,0582,0.8410228722893311
2010,0583,0.16495480151976694
2010,0584,0.3833101197643597
2010,0586,0.42659910178906335
2010,0604,20.85039847519336
2010,0617,8.112251207160464
2010,0642,0.5724057796776731
2010,0643,1.5619318046677932
2010,0662,4.485635375601772
2010,0665,6.582162326123114
2010,0680,1.4754883543024933
2010,0682,5.871535889575891
2010,0683,2.218717279990271
2010,0684,7.540781318944968
2010,0685,3.611675216110929
2010,0686,7.180468144518898
2010,0687,13.986544178187977
2010,0760,1.3190081757627006
2010,0761,0.39337466812443034
2010,0763,0.18103446826996417
2010,0764,0.6013976271011043
2010,0765,1.0612835557350664
2010,0767,0.41071105282905884
2010,0780,0.9416980927622596
2010,0781,0.5737771629054587
2010,0821,0.38267847817341505
2010,0834,0.6461156514382219
2010,0840,0.9364753380855417
2010,0860,2.210047864934599
2010,0861,0.8363731453841117
2010,0862,0.9554924466204482
2010,0880,0.7901693422993993
2010,0881,0.17548264832346516
2010,0882,1.4716682474920515
2010,0883,4.242718261268489
2010,0884,5.057953396635438
2010,0885,0.1724672893244093
2010,0980,0.7036687797832913
2010,1060,1.1931849529139602
2010,1080,0.276006934001444
2010,1081,0.6
2010,1082,2.1673486594791846
2010,1083,0.37974185201113986
2010,1214,5.301281278083598
2010,1230,1.4898079645562448
2010,1231,6.244574765138932
2010,1233,5.874644222066205
2010,1256,1.711220651154147
2010,1257,0.8206250024669777
2010,1260,7.162079395197022
2010,1261,1.6596710801998729
2010,1262,3.681119144592061
2010,1263,3.9697784440314385
2010,1264,2.523321986741695
2010,1265,4.650926220268699
2010,1266,4.672776837706842
2010,1267,6.204749684414699
2010,1270,2.3793201721148045
2010,1272,0.6253032904356906
2010,1273,0.8463090471146155
2010,1275,3.038713951965847
2010,1276,9.671281053671686
2010,1277,7.4081221442253105
2010,1278,1.1740659788571783
2010,1280,7.853844970920525
2010,1281,5.361313080618415
2010,1282,2.2582545763811344
2010,1283,4.159527515289865
2010,1284,0.15014038840453894
2010,1285,6.483776693672542
2010,1286,2.0058160059947348
2010,1287,3.007571232382305
2010,1290,1.6675097432500647
2010,1291,2.4270186823079323
2010,1292,4.839113821742957
2010,1293,1.6219468573195774
2010,1315,1.8714775606041543
2010,1380,1.5112748676372156
2010,1381,3.3463070188963076
2010,1382,0.3770412570035192
2010,1383,0.2
2010,1384,3.715141924854074
2010,1401,0.4510843102902458
2010,1402,1.5328175381539098
2010,1407,0.27678582681630776
2010,1415,0.02327540633853184
2010,1419,0.045031487644419915
2010,1421,0.0
2010,1427,0.0
2010,1430,0.0
2010,1435,0.0
2010,1438,0.2566340904618432
2010,1439,0.04019451188210943
2010,1440,0.29799279591423244
2010,1441,0.2999036211844662
2010,1442,1.9161391123468776
2010,1443,3.5429188993085825
2010,1444,0.06337880635121557
2010,1445,1.5744967573864033
2010,1446,0.11900126676504466
2010,1447,0.4185811149499942
2010,1452,6.6608075537687625
2010,1460,0.04749672647073535
2010,1461,0.2772324918276794
2010,1462,0.04607207755492953
2010,1463,2.1898115607741233
2010,1465,6.827665154404548
2010,1466,1.90958478610676
2010,1470,5.465551537914856
2010,1471,1.5539794625117709
2010,1472,1.0933018335416933
2010,1473,0.06544973948456723
2010,1480,1.5592096093311645
2010,1481,2.081762066010854
2010,1482,0.7506051009990271
2010,1484,0.0
2010,1485,0.0
2010,1486,0.0
2010,1487,0.04431940737654229
2010,1488,0.0897805987650073
2010,1489,0.5102041125570975
2010,1490,3.9529562343269067
2010,1491,4.816552609008592
2010,1492,0.003187873869614031
2010,1493,0.8171628928904453
2010,1494,5.763011171330751
2010,1495,3.5560631969443355
2010,1496,5.405562815694095
2010,1497,4.418334721704481
2010,1498,3.312521321498189
2010,1499,2.9538003122167424
2010,1715,0.11246051709405736
2010,1730,0.28585767555935554
2010,1737,0.28051443859167413
2010,1760,0.1379355251013958
2010,1761,0.05814899020024658
2010,1762,2.670565217102503
2010,1763,0.6817849320094125
2010,1764,0.2015794266428507
2010,1765,0.7636217280093259
2010,1766,0.330508575345158
2010,1780,0.0
2010,1781,0.5364440031054938
2010,1782,0.0
2010,1783,0.8521872132521289
2010,1784,1.426798408774384
2010,1785,0.3586302290361312
2010,1814,0.0
2010,1860,0.0
2010,1861,0.0
2010,1862,0.013056113215173012
2010,1863,0.8046018694102478
2010,1864,3.034298931902958
2010,1880,0.1584248364250663
2010,1881,0.0
2010,1882,0.0
2010,1883,0.0
2010,1884,0.0
2010,1885,0.4153146210786282
2010,1904,0.13066849977569728
2010,1907,0.5546942104646547
2010,1960,0.7492750293080008
2010,1961,1.0040662668398517
2010,1962,0.23487873248912403
2010,1980,0.4945254335772682
2010,1981,1.11083365853266
2010,1982,0.11152711534916208
2010,1983,0.47963717927133426
2010,1984,1.2768688218507331
2010,2021,0.8992657066728122
2010,2023,0.19448448582613548
2010,2026,0.024396574005948607
2010,2029,0.35116407935811766
2010,2031,0.38130572003460067
2010,2034,1.5997150164591025
2010,2039,0.46095520722189026
2010,2061,0.03177422194473046
2010,2062,0.1074107766485777
2010,2080,0.9489483819083134
2010,2081,0.1992172173951995
2010,2082,0.013596925250096271
2010,2083,0.30034687214198685
2010,2084,0.5217386220109909
2010,2085,0.7790740208022073
2010,2101,0.0
2010,2104,0.1288080105743742
2010,2121,0.3762349315272612
2010,2132,0.05853797233401495
2010,2161,1.1597076538155657
2010,2180,0.28646227953761
2010,2181,0.051716820772535414
2010,2182,0.0
2010,2183,1.2752018497191275
2010,2184,0.0011619311384302139
2010,2260,0.8806913849815747
2010,2262,0.2014011365999046
2010,2280,0.18798475627785574
2010,2281,0.0
2010,2282,0.19325430928561005
2010,2283,0.30824702361138645
2010,2284,1.1400380337386302
2010,2303,0.1387900291054499
2010,2305,1.2474900073805242
2010,2309,0.40189155859666204
2010,2313,0.04765264776952326
2010,2321,0.2582337902416373
2010,2326,0.5879105576066399
2010,2361,0.03130873284097519
2010,2380,0.6354340206883611
2010,2401,0.08925324104756027
2010,2403,0.6632001765097553
2010,2404,0.8675366070494893
2010,2409,0.18888295509604625
2010,2417,0.38066156308424565
2010,2418,0.2189558071442245
2010,2421,0.09777079319785101
2010,2422,0.0
2010,2425,0.0
2010,2460,0.8458752491292127
2010,2462,1.4315676937359747
2010,2463,1.0239568539954493
2010,2480,0.0
2010,2481,1.1499199429694285
2010,2482,2.1458397847528814
2010,2505,0.0
2010,2506,0.0
2010,2510,0.0
2010,2513,1.104785711998157
2010,2514,1.7250979218832418
2010,2518,3.947555643353739
2010,2521,0.9837846775906369
2010,2523,0.0
2010,2560,0.12062892585822448
2010,2580,1.9560298706410517
2010,2581,1.4516420227864415
2010,2582,0.6986779213941284
2010,2583,2.4819475377628115
2010,2584,0.0
2014,0114,0.0
2014,0115,0.0
2014,0117,0.0
2014,0120,0.0
2014,0123,0.0
2014,0125,0.0
2014,0126,0.0
2014,0127,0.0
2014,0128,0.0
2014,0136,0.0
2014,0138,0.0
2014,0139,0.0
2014,0140,0.0
2014,0160,0.0
2014,0162,0.0
2014,0163,0.0
2014,0180,0.0
2014,0181,0.0
2014,0182,0.0
2014,0183,0.0
2014,0184,0.0
2014,0186,0.0
2014,0187,0.0
2014,0188,0.0
2014,0191,0.0
2014,0192,0.0
2014,0305,0.0
2014,0319,0.0
2014,0330,0.0
2014,0331,0.0
2014,0360,0.0
2014,0380,0.0
2014,0381,0.0
2014,0382,0.0
2014,0428,0.0
2014,0461,0.0
2014,0480,0.0
2014,0481,0.0
2014,0482,0.0
2014,0483,0.0
2014,0484,0.0
2014,0486,0.0
2014,0488,0.0
2014,0509,0.0
2014,0512,0.0
2014,0513,0.0
2014,0560,0.0
2014,0561,0.0
2014,0562,0.0
2014,0563,0.0
2014,0580,0.0
2014,0581,0.0
2014,0582,0.0
2014,0583,0.0
2014,0584,0.06147376468334073
2014,0586,0.0
2014,0604,0.0
2014,0617,0.0
2014,0642,0.0
2014,0643,0.0
2014,0662,0.0
2014,0665,0.0
2014,0680,0.0
2014,0682,0.0
2014,0683,0.0
2014,0684,0.0
2014,0685,0.0
2014,0686,0.0
2014,0687,0.0
2014,0760,0.0
2014,0761,0.0
2014,0763,0.0
2014,0764,0.0
2014,0765,0.0
2014,0767,0.0
2014,0780,0.0
2014,0781,0.0
2014,0821,0.0
2014,0834,0.0
2014,0840,0.0
2014,0860,0.0
2014,0861,0.0
2014,0862,0.021668931637511726
2014,0880,0.0
2014,0881,0.07259843272592899
2014,0882,0.0
2014,0883,0.0
2014,0884,0.0
2014,0885,0.0
2014,0980,0.0
2014,1060,0.0
2014,1080,0.0
2014,1081,0.0
2014,1082,0.0
2014,1083,0.0
2014,1214,0.0
2014,1230,1.0616808343288457
2014,1231,1.2188568188796698
2014,1233,4.328282450805341
2014,1256,0.07444190624380206
2014,1257,0.0
2014,1260,0.0
2014,1261,0.0
2014,1262,0.5711874256490841
2014,1263,3.0901617745225547
2014,1264,0.0
2014,1265,0.0
2014,1266,0.0
2014,1267,0.0
2014,1270,0.012833802038284249
2014,1272,0.0
2014,1273,0.0
2014,1275,0.0
2014,1276,0.0
2014,1277,0.0
2014,1278,0.0
2014,1280,0.6812358680493263
2014,1281,0.0
2014,1282,0.0
2014,1283,0.0
2014,1284,0.0
2014,1285,0.0
2014,1286,0.0421538172105134
2014,1287,4.205155680758848
2014,1290,0.08411682134569849
2014,1291,0.0
2014,1292,0.0
2014,1293,0.0
2014,1315,0.0
2014,1380,0.0
2014,1381,0.0
2014,1382,0.0
2014,1383,0.0
2014,1384,0.0
2014,1401,0.0
2014,1402,0.0
2014,1407,0.0
2014,1415,0.0
2014,1419,0.0
2014,1421,0.0
2014,1427,0.0
2014,1430,0.0
2014,1435,0.0
2014,1438,0.0
2014,1439,0.0
2014,1440,0.0
2014,1441,0.0
2014,1442,0.0
2014,1443,0.0
2014,1444,0.0
2014,1445,0.0
2014,1446,0.0
2014,1447,0.0
2014,1452,0.0
2014,1460,0.0
2014,1461,0.0
2014,1462,0.0
2014,1463,0.0
2014,1465,0.0
2014,1466,0.0
2014,1470,0.0
2014,1471,0.0
2014,1472,0.0
2014,1473,0.0
2014,1480,0.0
2014,1481,0.0
2014,1482,0.0
2014,1484,0.0
2014,1485,0.0
2014,1486,0.0
2014,1487,0.0
2014,1488,0.0
2014,1489,0.013051814611986413
2014,1490,0.0
2014,1491,0.0
2014,1492,0.0
2014,1493,0.0
2014,1494,0.0
2014,1495,0.0
2014,1496,0.0
2014,1497,0.0
2014,1498,0.0
2014,1499,0.0
2014,1715,0.0
2014,1730,0.0
2014,1737,0.0
2014,1760,0.0
2014,1761,0.0
2014,1762,0.0
2014,1763,0.0
2014,1764,0.0
2014,1765,0.0
2014,1766,0.0
2014,1780,0.0
2014,1781,0.0
2014,1782,0.0
2014,1783,0.0
2014,1784,0.0
2014,1785,0.0
2014,1814,0.0
2014,1860,0.0
2014,1861,0.0
2014,1862,0.0
2014,1863,0.0
2014,1864,0.0
2014,1880,0.0
2014,1881,0.0
2014,1882,0.0
2014,1883,0.0
2014,1884,0.0
2014,1885,0.0
2014,1904,0.0
2014,1907,0.0
2014,1960,0.0
2014,1961,0.0
2014,1962,0.0
2014,1980,0.0
2014,1981,0.0
2014,1982,0.0
2014,1983,0.0
2014,1984,0.0
2014,2021,0.0
2014,2023,0.0
2014,2026,0.0
2014,2029,0.0
2014,2031,0.0
2014,2034,0.0
2014,2039,0.0
2014,2061,0.0
2014,2062,0.0
2014,2080,0.0
2014,2081,0.0
2014,2082,0.0
2014,2083,0.0
2014,2084,0.0
2014,2085,0.0
2014,2101,0.0
2014,2104,0.0
2014,2121,0.0
2014,2132,0.0
2014,2161,0.0
2014,2180,0.0
2014,2181,0.0
2014,2182,0.0
2014,2183,0.0
2014,2184,0.0
2014,2260,0.0
2014,2262,0.0
2014,2280,0.0
2014,2281,0.0
2014,2282,0.0
2014,2283,0.0
2014,2284,0.0
2014,2303,0.0
2014,2305,0.0
2014,2309,0.0
2014,2313,0.018745074728620463
2014,2321,0.0
2014,2326,0.0
2014,2361,0.0
2014,2380,0.0
2014,2401,0.0
2014,2403,0.0
2014,2404,0.0
2014,2409,0.0
2014,2417,0.0
2014,2418,0.0
2014,2421,0.0
2014,2422,0.0
2014,2425,0.0
2014,2460,0.0
2014,2462,0.0
2014,2463,0.0
2014,2480,0.0
2014,2481,0.0
2014,2482,0.0
2014,2505,0.0
2014,2506,0.0
2014,2510,0.0
2014,2513,0.0
2014,2514,0.0
2014,2518,0.0
2014,2521,0.0
2014,2523,0.0
2014,2560,0.0
2014,2580,0.0
2014,2581,0.0
2014,2582,0.0
2014,2583,0.0
2014,2584,0.0
